,Predicted
0,2
1,0
2,0
3,1
4,2
5,0
6,1
7,2
8,0
9,1
10,0
11,2
12,2
13,2
14,0
15,2
16,2
17,1
18,2
19,0
20,0
21,2
22,2
23,0
24,1
25,1
26,1
27,2
28,1
29,2
30,0
31,2
32,1
33,2
34,0
35,2
36,0
37,1
38,1
39,0
40,1
41,0
42,1
43,1
44,0
45,1
46,0
47,0
48,1
49,0
50,1
51,0
52,2
53,0
54,2
55,0
56,0
57,2
58,2
59,2
60,1
61,0
62,0
63,2
64,0
65,1
66,2
67,1
68,0
69,1
70,1
71,0
72,0
73,1
74,0
75,2
76,2
77,2
78,2
79,2
80,1
81,0
82,2
83,0
84,1
85,1
86,1
87,0
88,2
89,0
90,1
91,1
92,2
93,1
94,1
95,1
96,1
97,1
98,1
99,1
100,0
101,0
102,1
103,0
104,2
105,1
106,1
107,0
108,1
109,0
110,1
111,2
112,0
113,2
114,2
115,2
116,2
117,0
118,1
119,1
120,2
121,1
122,0
123,2
124,2
125,0
126,1
127,1
128,1
129,0
130,0
131,2
132,0
133,1
134,0
135,1
136,1
137,0
138,2
139,0
140,0
141,0
142,2
143,1
144,1
145,1
146,1
147,2
148,2
149,0
150,0
151,0
152,2
153,1
154,0
155,1
156,2
157,2
158,2
159,2
160,0
161,1
162,1
163,1
164,1
165,0
166,2
167,2
168,2
169,0
170,0
171,2
172,0
173,1
174,1
175,1
176,0
177,1
178,2
179,0
180,1
181,1
182,2
183,0
184,2
185,0
186,2
187,2
188,0
189,0
190,0
191,1
192,0
193,1
194,2
195,2
196,1
197,2
198,2
199,2
200,2
201,2
202,1
203,2
204,2
205,2
206,0
207,0
208,1
209,2
210,2
211,2
212,1
213,2
214,2
215,0
216,1
217,0
218,2
219,1
220,2
221,1
222,1
223,2
224,0
225,1
226,1
227,2
228,1
229,0
230,2
231,1
232,1
233,0
234,1
235,0
236,2
237,1
238,0
239,1
240,0
241,1
242,0
243,0
244,2
245,1
246,1
247,0
248,0
249,2
250,2
251,0
252,2
253,1
254,0
255,2
256,0
257,0
258,2
259,1
260,2
261,0
262,0
263,0
264,0
265,0
266,1
267,2
268,0
269,1
270,0
271,1
272,2
273,0
274,0
275,1
276,2
277,1
278,1
279,0
280,1
281,1
282,0
283,0
284,1
285,2
286,1
287,0
288,1
289,0
290,1
291,2
292,1
293,0
294,1
295,0
296,2
297,1
298,1
299,0
300,2
301,1
302,0
303,1
304,2
305,0
306,1
307,2
308,0
309,0
310,2
311,1
312,0
313,0
314,2
315,0
316,1
317,1
318,0
319,1
320,1
321,0
322,1
323,0
324,0
325,0
326,1
327,0
328,0
329,0
330,0
331,0
332,2
333,1
334,2
335,2
336,1
337,0
338,1
339,2
340,0
341,0
342,0
343,1
344,0
345,1
346,2
347,0
348,1
349,1
350,2
351,2
352,1
353,0
354,2
355,1
356,1
357,2
358,0
359,0
360,0
361,2
362,1
363,0
364,0
365,0
366,0
367,0
368,2
369,2
370,2
371,0
372,2
373,1
374,2
375,2
376,0
377,1
378,1
379,2
380,0
381,2
382,0
383,0
384,0
385,0
386,1
387,1
388,1
389,0
390,2
391,0
392,1
393,1
394,0
395,1
396,2
397,0
398,2
399,1
400,0
401,1
402,0
403,1
404,0
405,2
406,2
407,1
408,2
409,2
410,1
411,2
412,2
413,1
414,2
415,2
416,2
417,0
418,1
419,0
420,2
421,2
422,1
423,2
424,0
425,2
426,0
427,2
428,0
429,1
430,1
431,1
432,2
433,2
434,1
435,1
436,0
437,1
438,2
439,1
440,2
441,0
442,1
443,2
444,0
445,1
446,2
447,2
448,1
449,0
450,0
451,0
452,2
453,2
454,2
455,1
456,0
457,0
458,2
459,0
460,0
461,1
462,1
463,1
464,1
465,1
466,0
467,1
468,0
469,1
470,0
471,2
472,1
473,0
474,1
475,2
476,1
477,1
478,0
479,0
480,0
481,2
482,2
483,1
484,0
485,0
486,0
487,0
488,0
489,1
490,1
491,1
492,0
493,0
494,1
495,1
496,0
497,2
498,2
499,1
500,1
501,0
502,0
503,2
504,2
505,0
506,2
507,1
508,1
509,1
510,0
511,0
512,1
513,2
514,0
515,0
516,0
517,0
518,2
519,2
520,0
521,2
522,0
523,2
524,1
525,1
526,0
527,2
528,0
529,0
530,0
531,0
532,0
533,2
534,1
535,2
536,1
537,2
538,2
539,0
540,0
541,0
542,2
543,2
544,1
545,0
546,1
547,2
548,1
549,0
550,0
551,1
552,2
553,0
554,1
555,2
556,2
557,1
558,2
559,1
560,0
561,2
562,1
563,1
564,1
565,0
566,2
567,2
568,2
569,1
570,1
571,2
572,2
573,0
574,1
575,2
576,0
577,1
578,0
579,0
580,2
581,2
582,1
583,0
584,2
585,2
586,0
587,2
588,1
589,0
590,2
591,0
592,2
593,2
594,2
595,2
596,2
597,0
598,2
599,2
600,1
601,2
602,2
603,1
604,0
605,1
606,1
607,1
608,2
609,2
610,1
611,2
612,2
613,2
614,2
615,0
616,0
617,2
618,2
619,2
620,0
621,2
622,1
623,2
624,0
625,0
626,1
627,2
628,2
629,2
630,2
631,1
632,2
633,0
634,1
635,0
636,1
637,2
638,0
639,0
640,2
641,0
642,2
643,0
644,1
645,2
646,2
647,1
648,2
649,0
650,2
651,1
652,1
653,0
654,2
655,2
656,0
657,0
658,2
659,0
660,2
661,1
662,2
663,2
664,2
665,2
666,2
667,1
668,1
669,2
670,0
671,2
672,2
673,2
674,1
675,1
676,1
677,1
678,2
679,2
680,1
681,1
682,0
683,1
684,1
685,0
686,1
687,2
688,2
689,1
690,1
691,1
692,2
693,1
694,2
695,0
696,0
697,2
698,2
699,2
700,1
701,0
702,2
703,0
704,2
705,1
706,2
707,0
708,2
709,2
710,0
711,1
712,1
713,0
714,1
715,0
716,2
717,1
718,1
719,2
720,2
721,1
722,1
723,1
724,1
725,0
726,1
727,0
728,0
729,1
730,2
731,0
732,1
733,2
734,0
735,2
736,1
737,1
738,2
739,2
740,1
741,2
742,1
743,0
744,0
745,2
746,1
747,0
748,2
749,0
750,2
751,2
752,0
753,2
754,1
755,0
756,1
757,0
758,1
759,2
760,2
761,2
762,1
763,0
764,1
765,1
766,1
767,1
768,0
769,2
770,1
771,0
772,2
773,0
774,2
775,1
776,2
777,1
778,1
779,2
780,0
781,1
782,2
783,2
784,0
785,1
786,0
787,0
788,1
789,2
790,1
791,2
792,1
793,0
794,1
795,2
796,2
797,1
798,0
799,0
800,0
801,0
802,1
803,2
804,1
805,2
806,1
807,2
808,1
809,2
810,1
811,1
812,0
813,1
814,2
815,0
816,1
817,1
818,1
819,0
820,1
821,2
822,0
823,2
824,0
825,0
826,0
827,1
828,1
829,2
830,2
831,1
832,0
833,0
834,0
835,1
836,0
837,0
838,2
839,1
840,2
841,1
842,1
843,2
844,0
845,1
846,0
847,1
848,0
849,1
850,1
851,0
852,1
853,2
854,0
855,2
856,0
857,0
858,2
859,1
860,2
861,0
862,2
863,0
864,0
865,2
866,2
867,1
868,2
869,2
870,0
871,1
872,0
873,2
874,2
875,0
876,0
877,1
878,1
879,2
880,0
881,2
882,1
883,0
884,2
885,0
886,2
887,0
888,2
889,1
890,0
891,1
892,1
893,0
894,0
895,1
896,1
897,0
898,2
899,2
900,1
901,2
902,0
903,2
904,1
905,2
906,1
907,0
908,1
909,2
910,2
911,2
912,2
913,1
914,0
915,0
916,1
917,1
918,1
919,0
920,0
921,0
922,1
923,0
924,1
925,2
926,1
927,0
928,0
929,0
930,1
931,1
932,1
933,0
934,0
935,0
936,2
937,2
938,2
939,2
940,0
941,0
942,0
943,0
944,2
945,2
946,0
947,2
948,2
949,2
950,2
951,1
952,1
953,2
954,1
955,2
956,0
957,1
958,2
959,0
960,0
961,1
962,1
963,1
964,2
965,2
966,1
967,1
968,1
969,1
970,0
971,0
972,1
973,1
974,1
975,0
976,0
977,1
978,2
979,2
980,0
981,0
982,0
983,1
984,1
985,1
986,1
987,0
988,1
989,0
990,1
991,1
992,1
993,0
994,2
995,0
996,1
997,1
998,1
999,1
1000,1
1001,1
1002,2
1003,2
1004,0
1005,1
1006,1
1007,0
1008,2
1009,1
1010,2
1011,0
1012,1
1013,2
1014,0
1015,2
1016,0
1017,2
1018,0
1019,1
1020,1
1021,0
1022,1
1023,0
1024,2
1025,0
1026,0
1027,1
1028,0
1029,1
1030,2
1031,1
1032,1
1033,1
1034,0
1035,2
1036,1
1037,0
1038,2
1039,2
1040,1
1041,0
1042,2
1043,0
1044,2
1045,2
1046,0
1047,1
1048,0
1049,1
1050,1
1051,2
1052,2
1053,2
1054,0
1055,2
1056,0
1057,1
1058,1
1059,0
1060,0
1061,0
1062,1
1063,0
1064,1
1065,0
1066,0
1067,0
1068,1
1069,2
1070,1
1071,1
1072,2
1073,0
1074,2
1075,1
1076,1
1077,1
1078,1
1079,2
1080,0
1081,1
1082,2
1083,2
1084,2
1085,2
1086,0
1087,1
1088,1
1089,2
1090,1
1091,2
1092,1
1093,0
1094,1
1095,2
1096,1
1097,2
1098,2
1099,0
1100,1
1101,1
1102,1
1103,2
1104,0
1105,0
1106,2
1107,2
1108,0
1109,2
1110,0
1111,1
1112,0
1113,0
1114,1
1115,0
1116,0
1117,0
1118,1
1119,1
1120,2
1121,1
1122,2
1123,0
1124,2
1125,1
1126,1
1127,2
1128,2
1129,1
1130,1
1131,1
1132,0
1133,0
1134,0
1135,1
1136,1
1137,0
1138,1
1139,2
1140,1
1141,2
1142,0
1143,0
1144,0
1145,1
1146,0
1147,2
1148,0
1149,2
1150,2
1151,0
1152,2
1153,0
1154,1
1155,1
1156,0
1157,1
1158,2
1159,2
1160,2
1161,0
1162,2
1163,0
1164,1
1165,0
1166,0
1167,0
1168,2
1169,1
1170,2
1171,1
1172,1
1173,2
1174,0
1175,1
1176,0
1177,0
1178,0
1179,2
1180,1
1181,0
1182,0
1183,1
1184,1
1185,0
1186,2
1187,1
1188,0
1189,1
1190,1
1191,0
1192,0
1193,1
1194,1
1195,0
1196,1
1197,0
1198,0
1199,1
1200,1
1201,0
1202,0
1203,1
1204,0
1205,2
1206,0
1207,1
1208,1
1209,1
1210,0
1211,1
1212,0
1213,2
1214,2
1215,2
1216,2
1217,0
1218,2
1219,0
1220,2
1221,0
1222,1
1223,0
1224,2
1225,1
1226,2
1227,0
1228,0
1229,2
1230,1
1231,2
1232,1
1233,2
1234,2
1235,0
1236,2
1237,1
1238,0
1239,2
1240,2
1241,1
1242,1
1243,2
1244,0
1245,2
1246,2
1247,2
1248,0
1249,0
1250,0
1251,1
1252,1
1253,0
1254,1
1255,2
1256,1
1257,0
1258,0
1259,0
1260,0
1261,0
1262,1
1263,0
1264,2
1265,1
1266,0
1267,0
1268,1
1269,0
1270,1
1271,1
1272,0
1273,2
1274,1
1275,1
1276,0
1277,2
1278,2
1279,1
1280,2
1281,0
1282,2
1283,0
1284,0
1285,1
1286,1
1287,0
1288,2
1289,0
1290,1
1291,2
1292,2
1293,0
1294,1
1295,2
1296,2
1297,0
1298,0
1299,2
1300,1
1301,2
1302,1
1303,2
1304,2
1305,0
1306,2
1307,1
1308,0
1309,1
1310,0
1311,1
1312,0
1313,2
1314,1
1315,0
1316,2
1317,0
1318,0
1319,2
1320,2
1321,2
1322,2
1323,1
1324,0
1325,2
1326,0
1327,1
1328,0
1329,0
1330,1
1331,1
1332,0
1333,1
1334,2
1335,1
1336,2
1337,2
1338,1
1339,1
1340,1
1341,0
1342,2
1343,0
1344,0
1345,2
1346,2
1347,2
1348,2
1349,0
1350,2
1351,0
1352,1
1353,1
1354,0
1355,1
1356,0
1357,1
1358,1
1359,0
1360,2
1361,0
1362,1
1363,1
1364,1
1365,2
1366,0
1367,0
1368,2
1369,2
1370,2
1371,1
1372,2
1373,2
1374,1
1375,2
1376,1
1377,2
1378,1
1379,0
1380,2
1381,0
1382,1
1383,1
1384,1
1385,1
1386,1
1387,1
1388,1
1389,2
1390,0
1391,1
1392,2
1393,2
1394,0
1395,2
1396,2
1397,1
1398,2
1399,0
1400,2
1401,0
1402,1
1403,2
1404,0
1405,1
1406,0
1407,1
1408,1
1409,0
1410,1
1411,0
1412,0
1413,2
1414,1
1415,1
1416,1
1417,2
1418,0
1419,0
1420,2
1421,2
1422,0
1423,0
1424,1
1425,1
1426,0
1427,0
1428,2
1429,2
1430,0
1431,2
1432,2
1433,2
1434,1
1435,0
1436,2
1437,0
1438,0
1439,1
1440,2
1441,2
1442,0
1443,0
1444,1
1445,2
1446,2
1447,1
1448,1
1449,0
1450,2
1451,1
1452,1
1453,2
1454,0
1455,1
1456,0
1457,2
1458,0
1459,0
1460,0
1461,2
1462,0
1463,1
1464,1
1465,1
1466,2
1467,0
1468,2
1469,0
1470,0
1471,1
1472,1
1473,0
1474,1
1475,2
1476,2
1477,1
1478,1
1479,0
1480,0
1481,0
1482,2
1483,2
1484,0
1485,2
1486,1
1487,0
1488,2
1489,2
1490,0
1491,0
1492,2
1493,1
1494,1
1495,2
1496,2
1497,1
1498,1
1499,0
1500,2
1501,2
1502,0
1503,0
1504,2
1505,1
1506,0
1507,2
1508,0
1509,1
1510,0
1511,1
1512,2
1513,2
1514,0
1515,1
1516,1
1517,0
1518,2
1519,0
1520,1
1521,0
1522,1
1523,0
1524,2
1525,1
1526,2
1527,2
1528,2
1529,1
1530,2
1531,1
1532,2
1533,2
1534,2
1535,1
1536,2
1537,2
1538,2
1539,2
1540,0
1541,1
1542,0
1543,2
1544,1
1545,1
1546,1
1547,0
1548,1
1549,1
1550,0
1551,1
1552,2
1553,1
1554,1
1555,2
1556,0
1557,0
1558,0
1559,1
1560,0
1561,1
1562,2
1563,1
1564,2
1565,2
1566,2
1567,0
1568,0
1569,2
1570,1
1571,0
1572,0
1573,2
1574,2
1575,2
1576,0
1577,1
1578,2
1579,0
1580,1
1581,2
1582,2
1583,0
1584,2
1585,0
1586,2
1587,1
1588,0
1589,0
1590,0
1591,2
1592,0
1593,1
1594,2
1595,2
1596,1
1597,1
1598,0
1599,0
1600,2
1601,0
1602,2
1603,1
1604,2
1605,0
1606,2
1607,0
1608,2
1609,0
1610,2
1611,0
1612,0
1613,2
1614,0
1615,1
1616,2
1617,0
1618,0
1619,0
1620,1
1621,0
1622,2
1623,0
1624,0
1625,2
1626,1
1627,2
1628,1
1629,2
1630,1
1631,0
1632,1
1633,0
1634,0
1635,1
1636,0
1637,0
1638,0
1639,0
1640,2
1641,1
1642,0
1643,0
1644,1
1645,2
1646,0
1647,0
1648,0
1649,2
1650,2
1651,2
1652,2
1653,2
1654,2
1655,2
1656,0
1657,0
1658,0
1659,1
1660,0
1661,0
1662,2
1663,1
1664,2
1665,2
1666,0
1667,0
1668,1
1669,1
1670,0
1671,2
1672,2
1673,1
1674,2
1675,1
1676,0
1677,2
1678,2
1679,2
1680,0
1681,0
1682,0
1683,1
1684,1
1685,0
1686,1
1687,0
1688,1
1689,2
1690,1
1691,1
1692,1
1693,1
1694,2
1695,0
1696,1
1697,0
1698,1
1699,0
1700,2
1701,0
1702,1
1703,2
1704,2
1705,0
1706,1
1707,1
1708,2
1709,2
1710,0
1711,2
1712,2
1713,0
1714,0
1715,0
1716,0
1717,2
1718,0
1719,1
1720,0
1721,0
1722,1
1723,1
1724,0
1725,0
1726,1
1727,2
1728,0
1729,1
1730,2
1731,0
1732,2
1733,2
1734,1
1735,2
1736,1
1737,0
1738,0
1739,0
1740,2
1741,2
1742,0
1743,0
1744,2
1745,0
1746,1
1747,2
1748,2
1749,1
1750,1
1751,2
1752,0
1753,2
1754,1
1755,2
1756,2
1757,0
1758,1
1759,2
1760,0
1761,2
1762,0
1763,1
1764,2
1765,0
1766,2
1767,0
1768,2
1769,0
1770,1
1771,2
1772,2
1773,1
1774,0
1775,1
1776,1
1777,1
1778,2
1779,0
1780,2
1781,0
1782,2
1783,1
1784,2
1785,0
1786,1
1787,0
1788,0
1789,2
1790,1
1791,0
1792,1
1793,2
1794,2
1795,1
1796,2
1797,1
1798,1
1799,0
1800,0
1801,0
1802,2
1803,0
1804,1
1805,1
1806,1
1807,2
1808,2
1809,1
1810,0
1811,2
1812,0
1813,1
1814,2
1815,1
1816,2
1817,2
1818,2
1819,0
1820,2
1821,2
1822,1
1823,2
1824,0
1825,1
1826,2
1827,0
1828,2
1829,2
1830,1
1831,1
1832,1
1833,1
1834,0
1835,0
1836,0
1837,0
1838,2
1839,0
1840,2
1841,1
1842,2
1843,1
1844,2
1845,1
1846,0
1847,1
1848,0
1849,0
1850,2
1851,1
1852,1
1853,0
1854,0
1855,2
1856,0
1857,0
1858,1
1859,0
1860,2
1861,1
1862,1
1863,2
1864,2
1865,2
1866,2
1867,1
1868,0
1869,1
1870,2
1871,0
1872,2
1873,0
1874,2
1875,0
1876,2
1877,1
1878,1
1879,0
1880,2
1881,1
1882,2
1883,0
1884,0
1885,2
1886,1
1887,1
1888,2
1889,0
1890,0
1891,1
1892,0
1893,0
1894,2
1895,1
1896,2
1897,0
1898,1
1899,2
1900,0
1901,0
1902,2
1903,0
1904,1
1905,2
1906,0
1907,2
1908,1
1909,2
1910,1
1911,1
1912,0
1913,1
1914,1
1915,2
1916,2
1917,2
1918,0
1919,2
1920,1
1921,1
1922,2
1923,0
1924,0
1925,2
1926,2
1927,0
1928,0
1929,0
1930,0
1931,2
1932,1
1933,1
1934,1
1935,2
1936,0
1937,0
1938,1
1939,1
1940,2
1941,0
1942,0
1943,1
1944,2
1945,2
1946,0
1947,0
1948,2
1949,2
1950,2
1951,2
1952,0
1953,1
1954,1
1955,0
1956,1
1957,0
1958,0
1959,2
1960,0
1961,0
1962,0
1963,1
1964,1
1965,1
1966,1
1967,1
1968,2
1969,1
1970,0
1971,1
1972,1
1973,2
1974,1
1975,0
1976,2
1977,0
1978,2
1979,2
1980,1
1981,0
1982,2
1983,0
1984,1
1985,0
1986,1
1987,1
1988,0
1989,2
1990,2
1991,1
1992,2
1993,1
1994,1
1995,0
1996,0
1997,2
1998,1
1999,1
2000,1
2001,2
2002,0
2003,2
2004,0
2005,2
2006,1
2007,1
2008,2
2009,2
2010,2
2011,2
2012,1
2013,0
2014,0
2015,2
2016,2
2017,0
2018,0
2019,1
2020,0
2021,2
2022,0
2023,0
2024,0
2025,0
2026,2
2027,1
2028,2
2029,2
2030,1
2031,1
2032,1
2033,0
2034,2
2035,0
2036,0
2037,1
2038,1
2039,2
2040,2
2041,2
2042,1
2043,2
2044,2
2045,0
2046,1
2047,0
2048,2
2049,0
2050,1
2051,0
2052,1
2053,0
2054,1
2055,2
2056,1
2057,1
2058,0
2059,1
2060,2
2061,2
2062,1
2063,0
2064,2
2065,2
2066,1
2067,2
2068,0
2069,0
2070,1
2071,0
2072,0
2073,1
2074,0
2075,2
2076,0
2077,0
2078,1
2079,1
2080,1
2081,1
2082,0
2083,1
2084,2
2085,1
2086,0
2087,1
2088,1
2089,2
2090,1
2091,0
2092,0
2093,2
2094,1
2095,2
2096,0
2097,0
2098,0
2099,2
2100,1
2101,1
2102,0
2103,2
2104,2
2105,2
2106,1
2107,0
2108,2
2109,2
2110,0
2111,2
2112,0
2113,1
2114,2
2115,1
2116,1
2117,2
2118,2
2119,1
2120,1
2121,1
2122,2
2123,1
2124,1
2125,1
2126,0
2127,0
2128,2
2129,0
2130,1
2131,1
2132,0
2133,2
2134,2
2135,1
2136,2
2137,1
2138,0
2139,0
2140,1
2141,0
2142,2
2143,1
2144,1
2145,1
2146,2
2147,2
2148,0
2149,1
2150,0
2151,0
2152,0
2153,2
2154,1
2155,2
2156,2
2157,1
2158,1
2159,2
2160,1
2161,2
2162,2
2163,1
2164,1
2165,1
2166,0
2167,1
2168,1
2169,0
2170,0
2171,1
2172,1
2173,0
2174,2
2175,1
2176,1
2177,2
2178,0
2179,1
2180,1
2181,0
2182,2
2183,0
2184,1
2185,2
2186,1
2187,2
2188,0
2189,2
2190,1
2191,1
2192,2
2193,1
2194,0
2195,1
2196,1
2197,1
2198,2
2199,2
2200,2
2201,1
2202,0
2203,2
2204,2
2205,2
2206,1
2207,1
2208,2
2209,1
2210,0
2211,0
2212,2
2213,1
2214,2
2215,1
2216,1
2217,2
2218,2
2219,0
2220,0
2221,2
2222,1
2223,2
2224,2
2225,0
2226,1
2227,2
2228,2
2229,1
2230,2
2231,0
2232,1
2233,1
2234,0
2235,0
2236,2
2237,1
2238,1
2239,1
2240,2
2241,2
2242,0
2243,2
2244,0
2245,1
2246,2
2247,1
2248,2
2249,2
2250,1
2251,0
2252,1
2253,1
2254,2
2255,1
2256,0
2257,0
2258,2
2259,1
2260,2
2261,1
2262,1
2263,1
2264,0
2265,2
2266,2
2267,1
2268,2
2269,2
2270,0
2271,1
2272,0
2273,0
2274,2
2275,0
2276,0
2277,1
2278,0
2279,1
2280,0
2281,1
2282,0
2283,1
2284,2
2285,0
2286,2
2287,2
2288,1
2289,1
2290,1
2291,0
2292,2
2293,1
2294,0
2295,1
2296,2
2297,1
2298,2
2299,2
2300,2
2301,0
2302,2
2303,2
2304,2
2305,1
2306,2
2307,0
2308,2
2309,2
2310,2
2311,0
2312,1
2313,0
2314,0
2315,0
2316,0
2317,0
2318,2
2319,2
2320,2
2321,0
2322,2
2323,0
2324,1
2325,1
2326,2
2327,1
2328,1
2329,2
2330,0
2331,1
2332,2
2333,1
2334,1
2335,2
2336,1
2337,2
2338,2
2339,0
2340,2
2341,0
2342,0
2343,2
2344,1
2345,0
2346,1
2347,1
2348,0
2349,0
2350,1
2351,0
2352,1
2353,1
2354,2
2355,2
2356,2
2357,1
2358,1
2359,0
2360,2
2361,1
2362,1
2363,0
2364,1
2365,2
2366,2
2367,2
2368,2
2369,0
2370,1
2371,0
2372,1
2373,0
2374,1
2375,2
2376,1
2377,0
2378,1
2379,0
2380,0
2381,1
2382,2
2383,1
2384,0
2385,2
2386,0
2387,1
2388,1
2389,2
2390,0
2391,2
2392,2
2393,2
2394,2
2395,1
2396,1
2397,0
2398,1
2399,2
2400,2
2401,0
2402,0
2403,2
2404,2
2405,1
2406,2
2407,0
2408,2
2409,1
2410,0
2411,0
2412,2
2413,2
2414,0
2415,1
2416,2
2417,1
2418,1
2419,0
2420,1
2421,2
2422,2
2423,1
2424,1
2425,2
2426,0
2427,2
2428,0
2429,1
2430,1
2431,0
2432,2
2433,2
2434,1
2435,2
2436,0
2437,0
2438,2
2439,1
2440,2
2441,0
2442,1
2443,1
2444,1
2445,0
2446,1
2447,2
2448,0
2449,1
2450,0
2451,0
2452,2
2453,2
2454,2
2455,0
2456,2
2457,0
2458,1
2459,0
2460,0
2461,0
2462,2
2463,2
2464,2
2465,0
2466,2
2467,1
2468,2
2469,1
2470,2
2471,1
2472,2
2473,1
2474,0
2475,2
2476,1
2477,2
2478,1
2479,2
2480,2
2481,0
2482,0
2483,0
2484,1
2485,2
2486,2
2487,2
2488,2
2489,0
2490,1
2491,2
2492,2
2493,2
2494,1
2495,1
2496,0
2497,1
2498,2
2499,1
2500,2
2501,0
2502,1
2503,2
2504,2
2505,0
2506,0
2507,2
2508,0
2509,2
2510,1
2511,2
2512,0
2513,2
2514,0
2515,0
2516,1
2517,0
2518,2
2519,1
2520,1
2521,1
2522,1
2523,2
2524,2
2525,1
2526,1
2527,1
2528,2
2529,1
2530,2
2531,2
2532,1
2533,0
2534,2
2535,1
2536,0
2537,2
2538,0
2539,0
2540,1
2541,2
2542,2
2543,0
2544,0
2545,0
2546,0
2547,1
2548,2
2549,1
2550,0
2551,1
2552,2
2553,2
2554,1
2555,2
2556,0
2557,0
2558,1
2559,1
2560,2
2561,2
2562,2
2563,1
2564,2
2565,0
2566,1
2567,0
2568,2
2569,0
2570,2
2571,0
2572,2
2573,1
2574,2
2575,2
2576,0
2577,0
2578,1
2579,0
2580,0
2581,1
2582,2
2583,0
2584,2
2585,0
2586,2
2587,1
2588,2
2589,2
2590,2
2591,1
2592,0
2593,1
2594,1
2595,1
2596,1
2597,2
2598,2
2599,1
2600,1
2601,2
2602,2
2603,1
2604,2
2605,0
2606,1
2607,1
2608,2
2609,0
2610,0
2611,0
2612,2
2613,1
2614,2
2615,1
2616,2
2617,0
2618,2
2619,0
2620,1
2621,0
2622,0
2623,0
2624,1
2625,2
2626,1
2627,1
2628,0
2629,2
2630,0
2631,1
2632,1
2633,0
2634,1
2635,0
2636,1
2637,0
2638,0
2639,0
2640,1
2641,1
2642,2
2643,2
2644,0
2645,1
2646,2
2647,1
2648,1
2649,1
2650,1
2651,0
2652,1
2653,2
2654,0
2655,2
2656,0
2657,2
2658,1
2659,0
2660,2
2661,2
2662,0
2663,2
2664,1
2665,2
2666,0
2667,2
2668,0
2669,1
2670,1
2671,0
2672,0
2673,0
2674,2
2675,2
2676,2
2677,0
2678,0
2679,0
2680,1
2681,2
2682,1
2683,2
2684,2
2685,2
2686,0
2687,2
2688,1
2689,1
2690,2
2691,1
2692,0
2693,0
2694,2
2695,0
2696,0
2697,2
2698,0
2699,1
2700,0
2701,0
2702,1
2703,1
2704,0
2705,1
2706,1
2707,1
2708,0
2709,2
2710,1
2711,0
2712,2
2713,1
2714,0
2715,0
2716,0
2717,2
2718,0
2719,1
2720,1
2721,1
2722,2
2723,1
2724,0
2725,2
2726,2
2727,2
2728,2
2729,0
2730,1
2731,0
2732,0
2733,1
2734,1
2735,0
2736,1
2737,1
2738,2
2739,0
2740,0
2741,1
2742,1
2743,1
2744,1
2745,0
2746,1
2747,1
2748,1
2749,1
2750,1
2751,1
2752,0
2753,0
2754,1
2755,2
2756,2
2757,1
2758,0
2759,1
2760,2
2761,1
2762,2
2763,0
2764,0
2765,0
2766,2
2767,2
2768,2
2769,2
2770,2
2771,0
2772,0
2773,1
2774,0
2775,1
2776,1
2777,0
2778,1
2779,1
2780,1
2781,1
2782,1
2783,2
2784,2
2785,0
2786,0
2787,0
2788,0
2789,2
2790,2
2791,2
2792,2
2793,0
2794,2
2795,1
2796,1
2797,0
2798,1
2799,0
2800,0
2801,0
2802,1
2803,0
2804,2
2805,1
2806,1
2807,2
2808,2
2809,1
2810,1
2811,0
2812,2
2813,2
2814,0
2815,0
2816,0
2817,1
2818,0
2819,2
2820,1
2821,0
2822,0
2823,1
2824,2
2825,1
2826,1
2827,0
2828,1
2829,2
2830,0
2831,0
2832,2
2833,1
2834,2
2835,1
2836,2
2837,0
2838,2
2839,2
2840,1
2841,2
2842,1
2843,0
2844,0
2845,1
2846,0
2847,1
2848,2
2849,0
2850,0
2851,1
2852,0
2853,0
2854,0
2855,2
2856,1
2857,0
2858,0
2859,1
2860,2
2861,2
2862,0
2863,2
2864,0
2865,0
2866,0
2867,2
2868,2
2869,0
2870,2
2871,0
2872,1
2873,1
2874,1
2875,0
2876,2
2877,2
2878,0
2879,2
2880,1
2881,2
2882,1
2883,2
2884,2
2885,1
2886,0
2887,1
2888,0
2889,1
2890,2
2891,1
2892,2
2893,2
2894,2
2895,0
2896,0
2897,0
2898,1
2899,0
2900,2
2901,1
2902,0
2903,2
2904,1
2905,0
2906,0
2907,0
2908,2
2909,2
2910,1
2911,1
2912,0
2913,1
2914,0
2915,2
2916,2
2917,2
2918,2
2919,2
2920,2
2921,2
2922,0
2923,1
2924,2
2925,2
2926,2
2927,1
2928,2
2929,1
2930,1
2931,1
2932,1
2933,0
2934,1
2935,0
2936,1
2937,1
2938,2
2939,0
2940,0
2941,1
2942,2
2943,1
2944,1
2945,1
2946,0
2947,1
2948,1
2949,0
2950,0
2951,0
2952,2
2953,2
2954,0
2955,1
2956,2
2957,1
2958,2
2959,0
2960,2
2961,0
2962,1
2963,0
2964,2
2965,2
2966,1
2967,1
2968,1
2969,1
2970,1
2971,2
2972,1
2973,0
2974,0
2975,2
2976,0
2977,0
2978,2
2979,1
2980,0
2981,1
2982,2
2983,1
2984,0
2985,1
2986,1
2987,2
2988,2
2989,2
2990,0
2991,1
2992,1
2993,1
2994,2
2995,0
2996,0
2997,2
2998,2
2999,0
3000,2
3001,1
3002,2
3003,1
3004,0
3005,2
3006,2
3007,0
3008,1
3009,2
3010,0
3011,2
3012,0
3013,0
3014,1
3015,0
3016,2
3017,2
3018,0
3019,1
3020,2
3021,1
3022,2
3023,1
3024,0
3025,1
3026,0
3027,1
3028,0
3029,0
3030,0
3031,1
3032,2
3033,1
3034,1
3035,2
3036,0
3037,0
3038,1
3039,0
3040,1
3041,0
3042,1
3043,0
3044,0
3045,1
3046,2
3047,2
3048,0
3049,1
3050,0
3051,0
3052,0
3053,2
3054,0
3055,2
3056,2
3057,1
3058,1
3059,2
3060,2
3061,1
3062,0
3063,0
3064,0
3065,1
3066,2
3067,2
3068,2
3069,1
3070,2
3071,0
3072,1
3073,0
3074,0
3075,2
3076,1
3077,2
3078,1
3079,0
3080,1
3081,2
3082,2
3083,1
3084,1
3085,2
3086,2
3087,1
3088,1
3089,1
3090,2
3091,0
3092,1
3093,0
3094,0
3095,0
3096,0
3097,1
3098,2
3099,1
3100,1
3101,2
3102,2
3103,1
3104,2
3105,0
3106,1
3107,2
3108,2
3109,1
3110,2
3111,1
3112,1
3113,0
3114,0
3115,2
3116,1
3117,2
3118,1
3119,1
3120,1
3121,1
3122,1
3123,2
3124,2
3125,2
3126,2
3127,1
3128,0
3129,2
3130,2
3131,0
3132,1
3133,2
3134,0
3135,1
3136,0
3137,1
3138,0
3139,0
3140,0
3141,1
3142,1
3143,1
3144,1
3145,2
3146,1
3147,0
3148,2
3149,2
3150,0
3151,1
3152,1
3153,1
3154,2
3155,1
3156,0
3157,0
3158,0
3159,0
3160,1
3161,2
3162,2
3163,0
3164,0
3165,2
3166,0
3167,1
3168,2
3169,1
3170,1
3171,1
3172,0
3173,1
3174,1
3175,2
3176,2
3177,2
3178,1
3179,0
3180,1
3181,0
3182,1
3183,0
3184,2
3185,0
3186,0
3187,2
3188,2
3189,1
3190,0
3191,0
3192,0
3193,2
3194,0
3195,1
3196,0
3197,1
3198,2
3199,1
3200,0
3201,0
3202,2
3203,0
3204,2
3205,0
3206,2
3207,2
3208,0
3209,1
3210,0
3211,0
3212,0
3213,0
3214,0
3215,0
3216,1
3217,0
3218,2
3219,1
3220,2
3221,0
3222,0
3223,0
3224,0
3225,1
3226,2
3227,1
3228,0
3229,2
3230,0
3231,1
3232,2
3233,0
3234,2
3235,0
3236,0
3237,2
3238,1
3239,2
3240,2
3241,1
3242,0
3243,2
3244,1
3245,0
3246,1
3247,2
3248,0
3249,2
3250,1
3251,1
3252,1
3253,2
3254,0
3255,0
3256,2
3257,2
3258,1
3259,1
3260,1
3261,0
3262,1
3263,2
3264,2
3265,1
3266,0
3267,2
3268,2
3269,2
3270,0
3271,0
3272,2
3273,1
3274,0
3275,1
3276,2
3277,1
3278,2
3279,1
3280,1
3281,0
3282,2
3283,0
3284,1
3285,2
3286,2
3287,2
3288,1
3289,2
3290,2
3291,2
3292,1
3293,0
3294,0
3295,0
3296,2
3297,2
3298,2
3299,0
3300,0
3301,2
3302,1
3303,0
3304,0
3305,0
3306,0
3307,1
3308,0
3309,2
3310,0
3311,2
3312,1
3313,1
3314,1
3315,1
3316,1
3317,2
3318,0
3319,1
3320,0
3321,2
3322,2
3323,0
3324,0
3325,2
3326,0
3327,0
3328,0
3329,2
3330,0
3331,0
3332,2
3333,1
3334,1
3335,1
3336,0
3337,1
3338,0
3339,0
3340,0
3341,2
3342,1
3343,0
3344,0
3345,2
3346,2
3347,2
3348,0
3349,0
3350,2
3351,0
3352,2
3353,0
3354,0
3355,0
3356,0
3357,1
3358,0
3359,2
3360,0
3361,0
3362,2
3363,2
3364,1
3365,1
3366,2
3367,1
3368,0
3369,0
3370,0
3371,0
3372,2
3373,2
3374,0
3375,0
3376,1
3377,0
3378,2
3379,1
3380,2
3381,0
3382,0
3383,0
3384,2
3385,2
3386,1
3387,1
3388,2
3389,0
3390,1
3391,2
3392,1
3393,0
3394,0
3395,1
3396,0
3397,2
3398,1
3399,2
3400,0
3401,2
3402,1
3403,0
3404,2
3405,1
3406,0
3407,0
3408,0
3409,1
3410,2
3411,2
3412,2
3413,1
3414,2
3415,2
3416,2
3417,1
3418,2
3419,1
3420,2
3421,1
3422,1
3423,2
3424,1
3425,0
3426,1
3427,1
3428,2
3429,1
3430,0
3431,0
3432,1
3433,1
3434,2
3435,0
3436,0
3437,1
3438,1
3439,1
3440,0
3441,2
3442,1
3443,1
3444,2
3445,2
3446,0
3447,0
3448,2
3449,2
3450,0
3451,0
3452,0
3453,0
3454,0
3455,2
3456,1
3457,1
3458,2
3459,1
3460,2
3461,0
3462,0
3463,1
3464,1
3465,0
3466,2
3467,1
3468,0
3469,1
3470,1
3471,0
3472,0
3473,2
3474,0
3475,1
3476,1
3477,1
3478,0
3479,2
3480,1
3481,1
3482,2
3483,0
3484,2
3485,1
3486,1
3487,0
3488,2
3489,0
3490,1
3491,2
3492,2
3493,1
3494,0
3495,0
3496,2
3497,0
3498,1
3499,0
3500,1
3501,0
3502,0
3503,1
3504,0
3505,2
3506,2
3507,1
3508,2
3509,2
3510,0
3511,0
3512,2
3513,1
3514,1
3515,2
3516,0
3517,0
3518,2
3519,0
3520,2
3521,1
3522,2
3523,0
3524,2
3525,1
3526,0
3527,1
3528,2
3529,0
3530,2
3531,2
3532,0
3533,1
3534,1
3535,0
3536,1
3537,1
3538,2
3539,1
3540,2
3541,1
3542,1
3543,2
3544,0
3545,0
3546,2
3547,2
3548,2
3549,2
3550,1
3551,1
3552,1
3553,2
3554,0
3555,0
3556,0
3557,1
3558,1
3559,1
3560,2
3561,2
3562,1
3563,2
3564,0
3565,2
3566,0
3567,0
3568,0
3569,1
3570,0
3571,2
3572,2
3573,1
3574,1
3575,1
3576,0
3577,2
3578,2
3579,1
3580,0
3581,2
3582,1
3583,0
3584,1
3585,2
3586,1
3587,2
3588,1
3589,0
3590,2
3591,0
3592,0
3593,2
3594,0
3595,0
3596,0
3597,0
3598,0
3599,0
3600,0
3601,2
3602,1
3603,0
3604,2
3605,1
3606,2
3607,0
3608,2
3609,0
3610,0
3611,0
3612,1
3613,0
3614,2
3615,1
3616,1
3617,2
3618,2
3619,0
3620,1
3621,0
3622,1
3623,1
3624,2
3625,1
3626,2
3627,2
3628,1
3629,2
3630,1
3631,2
3632,1
3633,1
3634,1
3635,1
3636,0
3637,1
3638,0
3639,0
3640,1
3641,2
3642,0
3643,1
3644,0
3645,1
3646,0
3647,1
3648,1
3649,1
3650,0
3651,0
3652,0
3653,1
3654,1
3655,0
3656,0
3657,1
3658,0
3659,0
3660,0
3661,0
3662,2
3663,1
3664,2
3665,2
3666,1
3667,1
3668,0
3669,2
3670,1
3671,1
3672,0
3673,2
3674,0
3675,2
3676,1
3677,1
3678,0
3679,2
3680,2
3681,0
3682,0
3683,2
3684,2
3685,0
3686,2
3687,1
3688,1
3689,1
3690,0
3691,2
3692,2
3693,2
3694,0
3695,1
3696,1
3697,2
3698,0
3699,2
3700,0
3701,0
3702,0
3703,1
3704,0
3705,1
3706,0
3707,2
3708,1
3709,0
3710,2
3711,1
3712,2
3713,0
3714,1
3715,1
3716,1
3717,2
3718,2
3719,0
3720,1
3721,1
3722,2
3723,0
3724,0
3725,2
3726,2
3727,2
3728,2
3729,2
3730,1
3731,0
3732,1
3733,2
3734,1
3735,1
3736,0
3737,0
3738,2
3739,1
3740,1
3741,0
3742,1
3743,2
3744,0
3745,2
3746,1
3747,2
3748,1
3749,0
3750,2
3751,2
3752,0
3753,1
3754,0
3755,0
3756,2
3757,1
3758,1
3759,0
3760,2
3761,0
3762,2
3763,2
3764,2
3765,1
3766,1
3767,1
3768,1
3769,0
3770,0
3771,1
3772,0
3773,1
3774,0
3775,0
3776,0
3777,1
3778,1
3779,1
3780,1
3781,0
3782,1
3783,2
3784,2
3785,0
3786,2
3787,2
3788,2
3789,0
3790,2
3791,2
3792,0
3793,2
3794,0
3795,1
3796,2
3797,1
3798,2
3799,2
3800,1
3801,1
3802,1
3803,1
3804,2
3805,2
3806,1
3807,0
3808,2
3809,1
3810,1
3811,1
3812,1
3813,2
3814,2
3815,2
3816,0
3817,2
3818,2
3819,2
3820,2
3821,1
3822,0
3823,0
3824,1
3825,2
3826,1
3827,2
3828,2
3829,2
3830,0
3831,2
3832,0
3833,2
3834,0
3835,0
3836,0
3837,1
3838,1
3839,1
3840,2
3841,1
3842,2
3843,2
3844,0
3845,1
3846,1
3847,1
3848,0
3849,0
3850,0
3851,0
3852,0
3853,1
3854,2
3855,2
3856,2
3857,2
3858,0
3859,2
3860,2
3861,0
3862,1
3863,2
3864,0
3865,0
3866,2
3867,2
3868,0
3869,0
3870,2
3871,1
3872,0
3873,2
3874,0
3875,0
3876,1
3877,0
3878,1
3879,2
3880,2
3881,1
3882,2
3883,1
3884,0
3885,2
3886,0
3887,2
3888,1
3889,2
3890,1
3891,0
3892,0
3893,0
3894,2
3895,0
3896,1
3897,0
3898,2
3899,0
3900,0
3901,2
3902,2
3903,2
3904,0
3905,0
3906,0
3907,1
3908,0
3909,2
3910,2
3911,0
3912,2
3913,0
3914,1
3915,2
3916,0
3917,1
3918,2
3919,2
3920,1
3921,1
3922,1
3923,0
3924,1
3925,0
3926,1
3927,2
3928,0
3929,0
3930,0
3931,1
3932,0
3933,2
3934,0
3935,2
3936,1
3937,1
3938,0
3939,1
3940,2
3941,2
3942,0
3943,1
3944,1
3945,1
3946,2
3947,2
3948,0
3949,1
3950,1
3951,2
3952,1
3953,0
3954,0
3955,0
3956,2
3957,0
3958,1
3959,2
3960,0
3961,1
3962,0
3963,1
3964,1
3965,1
3966,0
3967,1
3968,2
3969,1
3970,0
3971,1
3972,0
3973,1
3974,2
3975,2
3976,0
3977,1
3978,2
3979,1
3980,0
3981,1
3982,2
3983,1
3984,1
3985,1
3986,1
3987,0
3988,2
3989,2
3990,0
3991,1
3992,0
3993,2
3994,1
3995,1
3996,0
3997,1
3998,2
3999,0
4000,2
4001,0
4002,0
4003,2
4004,1
4005,1
4006,0
4007,1
4008,0
4009,1
4010,2
4011,0
4012,1
4013,2
4014,1
4015,0
4016,0
4017,1
4018,0
4019,0
4020,1
4021,0
4022,1
4023,1
4024,1
4025,2
4026,0
4027,1
4028,0
4029,1
4030,2
4031,2
4032,1
4033,0
4034,1
4035,2
4036,2
4037,0
4038,2
4039,1
4040,0
4041,1
4042,2
4043,0
4044,1
4045,0
4046,2
4047,2
4048,2
4049,2
4050,2
4051,1
4052,0
4053,2
4054,0
4055,2
4056,0
4057,0
4058,2
4059,0
4060,1
4061,2
4062,2
4063,1
4064,0
4065,1
4066,2
4067,1
4068,1
4069,1
4070,2
4071,0
4072,2
4073,0
4074,1
4075,1
4076,2
4077,2
4078,0
4079,2
4080,2
4081,2
4082,1
4083,0
4084,2
4085,1
4086,0
4087,1
4088,1
4089,1
4090,1
4091,2
4092,2
4093,1
4094,2
4095,1
4096,1
4097,1
4098,2
4099,1
4100,0
4101,2
4102,1
4103,0
4104,0
4105,0
4106,0
4107,2
4108,1
4109,0
4110,0
4111,0
4112,0
4113,2
4114,0
4115,0
4116,0
4117,1
4118,2
4119,2
4120,1
4121,0
4122,1
4123,1
4124,2
4125,1
4126,2
4127,2
4128,2
4129,1
4130,1
4131,2
4132,2
4133,0
4134,2
4135,0
4136,1
4137,2
4138,1
4139,2
4140,2
4141,0
4142,1
4143,1
4144,0
4145,1
4146,2
4147,0
4148,1
4149,0
4150,1
4151,0
4152,2
4153,1
4154,2
4155,0
4156,2
4157,2
4158,0
4159,0
4160,1
4161,2
4162,0
4163,2
4164,2
4165,1
4166,0
4167,2
4168,2
4169,0
4170,1
4171,1
4172,0
4173,0
4174,2
4175,2
4176,1
4177,0
4178,2
4179,2
4180,1
4181,1
4182,1
4183,1
4184,2
4185,0
4186,0
4187,0
4188,1
4189,0
4190,1
4191,2
4192,1
4193,0
4194,1
4195,0
4196,1
4197,1
4198,0
4199,1
4200,0
4201,2
4202,0
4203,1
4204,1
4205,0
4206,1
4207,1
4208,1
4209,2
4210,0
4211,2
4212,1
4213,0
4214,1
4215,1
4216,2
4217,1
4218,1
4219,1
4220,1
4221,0
4222,1
4223,2
4224,0
4225,0
4226,0
4227,2
4228,1
4229,1
4230,1
4231,2
4232,2
4233,1
4234,2
4235,1
4236,0
4237,0
4238,1
4239,2
4240,2
4241,2
4242,2
4243,0
4244,1
4245,2
4246,0
4247,0
4248,2
4249,1
4250,1
4251,2
4252,1
4253,2
4254,1
4255,2
4256,0
4257,0
4258,2
4259,1
4260,2
4261,2
4262,0
4263,1
4264,2
4265,1
4266,2
4267,2
4268,0
4269,2
4270,0
4271,0
4272,0
4273,1
4274,0
4275,1
4276,2
4277,0
4278,2
4279,1
4280,2
4281,0
4282,0
4283,1
4284,2
4285,2
4286,0
4287,2
4288,0
4289,1
4290,0
4291,2
4292,0
4293,2
4294,2
4295,2
4296,2
4297,1
4298,2
4299,1
4300,1
4301,0
4302,0
4303,1
4304,2
4305,0
4306,1
4307,1
4308,0
4309,1
4310,2
4311,2
4312,2
4313,2
4314,1
4315,0
4316,2
4317,0
4318,2
4319,1
4320,1
4321,1
4322,2
4323,2
4324,2
4325,0
4326,1
4327,0
4328,0
4329,1
4330,0
4331,1
4332,1
4333,2
4334,0
4335,2
4336,2
4337,0
4338,1
4339,2
4340,2
4341,0
4342,2
4343,0
4344,0
4345,2
4346,1
4347,1
4348,0
4349,2
4350,0
4351,0
4352,0
4353,0
4354,2
4355,1
4356,2
4357,1
4358,2
4359,1
4360,2
4361,0
4362,2
4363,1
4364,1
4365,2
4366,1
4367,0
4368,2
4369,1
4370,1
4371,2
4372,1
4373,2
4374,1
4375,1
4376,2
4377,1
4378,0
4379,2
4380,2
4381,2
4382,2
4383,0
4384,0
4385,1
4386,2
4387,1
4388,0
4389,0
4390,0
4391,1
4392,0
4393,2
4394,2
4395,2
4396,1
4397,0
4398,0
4399,0
4400,2
4401,0
4402,1
4403,1
4404,1
4405,1
4406,1
4407,0
4408,1
4409,1
4410,0
4411,1
4412,0
4413,1
4414,1
4415,2
4416,2
4417,0
4418,0
4419,2
4420,0
4421,2
4422,0
4423,1
4424,1
4425,2
4426,2
4427,1
4428,0
4429,2
4430,2
4431,1
4432,0
4433,1
4434,1
4435,0
4436,2
4437,2
4438,2
4439,2
4440,2
4441,2
4442,2
4443,0
4444,1
4445,0
4446,0
4447,1
4448,0
4449,1
4450,0
4451,2
4452,1
4453,2
4454,2
4455,0
4456,1
4457,2
4458,2
4459,2
4460,2
4461,0
4462,2
4463,2
4464,2
4465,1
4466,2
4467,0
4468,0
4469,0
4470,2
4471,1
4472,2
4473,1
4474,0
4475,2
4476,1
4477,0
4478,1
4479,1
4480,2
4481,0
4482,0
4483,0
4484,1
4485,0
4486,1
4487,1
4488,2
4489,2
4490,0
4491,0
4492,0
4493,1
4494,2
4495,1
4496,0
4497,1
4498,0
4499,2
4500,1
4501,2
4502,2
4503,2
4504,1
4505,2
4506,1
4507,1
4508,0
4509,2
4510,2
4511,2
4512,2
4513,2
4514,2
4515,2
4516,1
4517,0
4518,2
4519,0
4520,1
4521,0
4522,0
4523,1
4524,1
4525,0
4526,1
4527,0
4528,1
4529,0
4530,2
4531,1
4532,2
4533,1
4534,1
4535,2
4536,0
4537,2
4538,0
4539,0
4540,1
4541,0
4542,0
4543,0
4544,2
4545,2
4546,0
4547,0
4548,2
4549,1
4550,2
4551,2
4552,1
4553,0
4554,1
4555,2
4556,2
4557,0
4558,0
4559,0
4560,2
4561,1
4562,0
4563,0
4564,2
4565,2
4566,0
4567,0
4568,2
4569,1
4570,0
4571,2
4572,0
4573,1
4574,1
4575,2
4576,2
4577,2
4578,1
4579,1
4580,2
4581,1
4582,2
4583,0
4584,0
4585,1
4586,1
4587,0
4588,2
4589,2
4590,2
4591,1
4592,0
4593,0
4594,1
4595,2
4596,2
4597,1
4598,0
4599,2
4600,0
4601,0
4602,0
4603,0
4604,2
4605,0
4606,0
4607,2
4608,2
4609,2
4610,2
4611,2
4612,0
4613,2
4614,2
4615,2
4616,1
4617,1
4618,0
4619,1
4620,0
4621,0
4622,2
4623,1
4624,1
4625,2
4626,1
4627,1
4628,1
4629,1
4630,2
4631,0
4632,2
4633,0
4634,1
4635,2
4636,1
4637,0
4638,1
4639,2
4640,1
4641,0
4642,1
4643,2
4644,1
4645,0
4646,2
4647,1
4648,0
4649,0
4650,0
4651,2
4652,0
4653,2
4654,2
4655,2
4656,2
4657,2
4658,0
4659,0
4660,1
4661,0
4662,0
4663,1
4664,1
4665,0
4666,0
4667,0
4668,1
4669,1
4670,2
4671,1
4672,2
4673,0
4674,1
4675,0
4676,0
4677,0
4678,0
4679,1
4680,2
4681,0
4682,1
4683,2
4684,2
4685,0
4686,2
4687,1
4688,0
4689,1
4690,1
4691,1
4692,0
4693,1
4694,2
4695,1
4696,0
4697,2
4698,2
4699,2
4700,0
4701,1
4702,2
4703,0
4704,0
4705,2
4706,2
4707,2
4708,2
4709,0
4710,0
4711,0
4712,2
4713,2
4714,1
4715,1
4716,2
4717,0
4718,2
4719,0
4720,0
4721,1
4722,1
4723,1
4724,1
4725,2
4726,2
4727,2
4728,1
4729,1
4730,2
4731,0
4732,2
4733,2
4734,1
4735,2
4736,0
4737,1
4738,0
4739,1
4740,2
4741,0
4742,1
4743,0
4744,2
4745,0
4746,2
4747,0
4748,1
4749,2
4750,2
4751,1
4752,2
4753,1
4754,2
4755,1
4756,2
4757,1
4758,0
4759,0
4760,1
4761,2
4762,1
4763,0
4764,0
4765,0
4766,0
4767,1
4768,2
4769,1
4770,2
4771,1
4772,2
4773,0
4774,1
4775,1
4776,2
4777,0
4778,1
4779,1
4780,0
4781,1
4782,0
4783,1
4784,0
4785,2
4786,2
4787,1
4788,1
4789,2
4790,1
4791,2
4792,2
4793,1
4794,1
4795,1
4796,0
4797,1
4798,0
4799,2
4800,2
4801,1
4802,1
4803,2
4804,1
4805,1
4806,0
4807,2
4808,0
4809,1
4810,2
4811,2
4812,0
4813,2
4814,2
4815,2
4816,1
4817,1
4818,2
4819,0
4820,1
4821,1
4822,2
4823,1
4824,0
4825,2
4826,1
4827,2
4828,0
4829,2
4830,0
4831,1
4832,2
4833,1
4834,1
4835,2
4836,0
4837,1
4838,2
4839,0
4840,2
4841,2
4842,1
4843,2
4844,2
4845,2
4846,1
4847,2
4848,1
4849,1
4850,2
4851,1
4852,0
4853,2
4854,2
4855,2
4856,2
4857,1
4858,0
4859,2
4860,0
4861,0
4862,1
4863,2
4864,1
4865,1
4866,2
4867,1
4868,2
4869,1
4870,1
4871,1
4872,1
4873,0
4874,2
4875,0
4876,2
4877,1
4878,2
4879,0
4880,0
4881,1
4882,1
4883,0
4884,1
4885,0
4886,1
4887,0
4888,2
4889,0
4890,0
4891,0
4892,0
4893,0
4894,2
4895,1
4896,1
4897,0
4898,0
4899,0
4900,1
4901,1
4902,2
4903,0
4904,2
4905,0
4906,0
4907,2
4908,0
4909,0
4910,2
4911,1
4912,2
4913,1
4914,2
4915,2
4916,2
4917,1
4918,0
4919,1
4920,2
4921,0
4922,1
4923,2
4924,1
4925,1
4926,0
4927,2
4928,1
4929,1
4930,0
4931,1
4932,0
4933,0
4934,0
4935,0
4936,1
4937,1
4938,0
4939,1
4940,1
4941,1
4942,2
4943,1
4944,1
4945,0
4946,0
4947,2
4948,1
4949,0
4950,1
4951,1
4952,0
4953,2
4954,2
4955,1
4956,2
4957,1
4958,1
4959,0
4960,0
4961,0
4962,1
4963,1
4964,1
4965,2
4966,1
4967,2
4968,0
4969,2
4970,0
4971,0
4972,2
4973,1
4974,0
4975,2
4976,1
4977,1
4978,2
4979,1
4980,1
4981,2
4982,0
4983,1
4984,0
4985,0
4986,2
4987,2
4988,0
4989,2
4990,2
4991,2
4992,1
4993,0
4994,2
4995,2
4996,1
4997,1
4998,0
4999,0
5000,0
5001,0
5002,2
5003,0
5004,1
5005,0
5006,2
5007,2
5008,0
5009,2
5010,2
5011,1
5012,2
5013,0
5014,0
5015,2
5016,2
5017,0
5018,0
5019,2
5020,1
5021,2
5022,0
5023,0
5024,2
5025,2
5026,1
5027,2
5028,1
5029,0
5030,1
5031,2
5032,0
5033,2
5034,2
5035,1
5036,2
5037,0
5038,1
5039,2
5040,1
5041,0
5042,1
5043,0
5044,1
5045,0
5046,1
5047,1
5048,0
5049,1
5050,0
5051,1
5052,1
5053,2
5054,0
5055,2
5056,2
5057,2
5058,0
5059,0
5060,0
5061,1
5062,0
5063,0
5064,1
5065,2
5066,1
5067,2
5068,2
5069,2
5070,0
5071,2
5072,0
5073,2
5074,2
5075,0
5076,0
5077,2
5078,1
5079,0
5080,1
5081,2
5082,1
5083,2
5084,0
5085,2
5086,0
5087,2
5088,0
5089,0
5090,0
5091,0
5092,1
5093,2
5094,1
5095,0
5096,2
5097,1
5098,0
5099,2
5100,2
5101,1
5102,0
5103,1
5104,2
5105,2
5106,2
5107,1
5108,2
5109,1
5110,2
5111,1
5112,0
5113,2
5114,0
5115,0
5116,0
5117,0
5118,2
5119,2
5120,2
5121,0
5122,1
5123,0
5124,1
5125,0
5126,2
5127,2
5128,2
5129,0
5130,0
5131,2
5132,0
5133,0
5134,2
5135,1
5136,0
5137,0
5138,1
5139,0
5140,0
5141,2
5142,0
5143,0
5144,1
5145,2
5146,1
5147,0
5148,2
5149,0
5150,2
5151,1
5152,1
5153,0
5154,2
5155,1
5156,2
5157,2
5158,2
5159,0
5160,0
5161,1
5162,0
5163,0
5164,2
5165,1
5166,1
5167,2
5168,0
5169,1
5170,2
5171,0
5172,2
5173,0
5174,0
5175,2
5176,2
5177,2
5178,2
5179,0
5180,1
5181,1
5182,1
5183,2
5184,2
5185,0
5186,1
5187,0
5188,1
5189,2
5190,2
5191,0
5192,0
5193,0
5194,0
5195,2
5196,1
5197,0
5198,1
5199,2
5200,2
5201,1
5202,2
5203,1
5204,0
5205,1
5206,0
5207,2
5208,0
5209,1
5210,0
5211,1
5212,2
5213,1
5214,2
5215,1
5216,1
5217,1
5218,0
5219,0
5220,1
5221,1
5222,0
5223,2
5224,1
5225,2
5226,0
5227,0
5228,0
5229,2
5230,1
5231,1
5232,1
5233,2
5234,1
5235,1
5236,0
5237,0
5238,0
5239,2
5240,2
5241,2
5242,2
5243,2
5244,0
5245,1
5246,2
5247,0
5248,0
5249,0
5250,1
5251,1
5252,0
5253,0
5254,2
5255,2
5256,2
5257,0
5258,2
5259,0
5260,1
5261,1
5262,0
5263,0
5264,0
5265,0
5266,2
5267,2
5268,0
5269,0
5270,1
5271,0
5272,2
5273,1
5274,0
5275,1
5276,2
5277,1
5278,1
5279,2
5280,1
5281,2
5282,0
5283,0
5284,0
5285,2
5286,2
5287,0
5288,0
5289,2
5290,0
5291,0
5292,2
5293,0
5294,2
5295,0
5296,0
5297,0
5298,0
5299,0
5300,0
5301,1
5302,2
5303,1
5304,0
5305,1
5306,1
5307,1
5308,1
5309,0
5310,0
5311,2
5312,1
5313,1
5314,1
5315,0
5316,1
5317,0
5318,0
5319,0
5320,1
5321,2
5322,1
5323,2
5324,2
5325,2
5326,0
5327,0
5328,1
5329,2
5330,1
5331,1
5332,0
5333,2
5334,2
5335,2
5336,1
5337,1
5338,0
5339,1
5340,0
5341,1
5342,0
5343,0
5344,2
5345,2
5346,0
5347,1
5348,0
5349,0
5350,2
5351,0
5352,2
5353,1
5354,0
5355,0
5356,0
5357,1
5358,2
5359,0
5360,1
5361,2
5362,0
5363,1
5364,2
5365,0
5366,2
5367,1
5368,0
5369,0
5370,0
5371,0
5372,1
5373,1
5374,0
5375,0
5376,0
5377,0
5378,0
5379,2
5380,1
5381,0
5382,1
5383,2
5384,0
5385,0
5386,1
5387,2
5388,2
5389,1
5390,0
5391,2
5392,2
5393,2
5394,0
5395,2
5396,1
5397,0
5398,0
5399,2
5400,1
5401,2
5402,2
5403,0
5404,1
5405,0
5406,0
5407,1
5408,2
5409,1
5410,0
5411,1
5412,2
5413,2
5414,1
5415,2
5416,0
5417,1
5418,2
5419,1
5420,2
5421,1
5422,2
5423,0
5424,2
5425,0
5426,1
5427,1
5428,0
5429,0
5430,1
5431,0
5432,1
5433,0
5434,0
5435,0
5436,2
5437,2
5438,2
5439,1
5440,2
5441,0
5442,2
5443,0
5444,2
5445,0
5446,0
5447,0
5448,2
5449,0
5450,1
5451,2
5452,2
5453,2
5454,2
5455,2
5456,2
5457,1
5458,0
5459,1
5460,1
5461,0
5462,0
5463,2
5464,1
5465,1
5466,0
5467,0
5468,1
5469,0
5470,0
5471,2
5472,2
5473,1
5474,2
5475,2
5476,1
5477,0
5478,0
5479,1
5480,1
5481,2
5482,2
5483,0
5484,1
5485,0
5486,2
5487,2
5488,2
5489,2
5490,2
5491,0
5492,0
5493,0
5494,1
5495,2
5496,2
5497,2
5498,2
5499,1
5500,0
5501,1
5502,1
5503,0
5504,0
5505,1
5506,2
5507,1
5508,0
5509,2
5510,0
5511,1
5512,2
5513,2
5514,2
5515,1
5516,1
5517,1
5518,0
5519,1
5520,1
5521,0
5522,2
5523,2
5524,0
5525,2
5526,0
5527,0
5528,1
5529,2
5530,1
5531,2
5532,2
5533,1
5534,2
5535,2
5536,1
5537,2
5538,0
5539,0
5540,1
5541,0
5542,2
5543,1
5544,2
5545,0
5546,1
5547,2
5548,1
5549,1
5550,2
5551,0
5552,1
5553,2
5554,0
5555,0
5556,2
5557,2
5558,2
5559,2
5560,2
5561,1
5562,1
5563,2
5564,0
5565,2
5566,0
5567,1
5568,1
5569,2
5570,2
5571,1
5572,2
5573,1
5574,1
5575,1
5576,2
5577,2
5578,2
5579,1
5580,2
5581,0
5582,0
5583,0
5584,0
5585,2
5586,2
5587,0
5588,1
5589,2
5590,1
5591,0
5592,0
5593,2
5594,2
5595,1
5596,1
5597,2
5598,2
5599,1
5600,2
5601,0
5602,1
5603,2
5604,2
5605,2
5606,2
5607,2
5608,2
5609,1
5610,1
5611,1
5612,1
5613,0
5614,1
5615,2
5616,1
5617,0
5618,1
5619,2
5620,1
5621,0
5622,0
5623,0
5624,0
5625,2
5626,1
5627,2
5628,0
5629,2
5630,0
5631,2
5632,0
5633,0
5634,2
5635,2
5636,1
5637,1
5638,0
5639,0
5640,0
5641,1
5642,2
5643,1
5644,1
5645,1
5646,1
5647,1
5648,1
5649,0
5650,2
5651,2
5652,2
5653,1
5654,1
5655,1
5656,1
5657,2
5658,0
5659,2
5660,2
5661,1
5662,1
5663,1
5664,0
5665,1
5666,2
5667,1
5668,0
5669,2
5670,1
5671,1
5672,0
5673,0
5674,1
5675,2
5676,2
5677,1
5678,1
5679,2
5680,2
5681,0
5682,2
5683,0
5684,0
5685,2
5686,0
5687,1
5688,0
5689,0
5690,1
5691,1
5692,2
5693,2
5694,0
5695,0
5696,1
5697,1
5698,0
5699,2
5700,0
5701,2
5702,1
5703,1
5704,1
5705,1
5706,1
5707,0
5708,0
5709,1
5710,2
5711,1
5712,1
5713,1
5714,2
5715,2
5716,2
5717,2
5718,1
5719,2
5720,2
5721,1
5722,2
5723,0
5724,0
5725,1
5726,1
5727,1
5728,2
5729,1
5730,2
5731,0
5732,1
5733,0
5734,2
5735,0
5736,0
5737,0
5738,2
5739,0
5740,2
5741,2
5742,2
5743,2
5744,1
5745,0
5746,0
5747,1
5748,1
5749,2
5750,1
5751,1
5752,1
5753,2
5754,0
5755,1
5756,0
5757,2
5758,0
5759,2
5760,0
5761,0
5762,2
5763,0
5764,2
5765,2
5766,0
5767,1
5768,2
5769,2
5770,2
5771,1
5772,0
5773,1
5774,2
5775,0
5776,2
5777,0
5778,1
5779,0
5780,2
5781,1
5782,0
5783,2
5784,0
5785,1
5786,0
5787,1
5788,0
5789,0
5790,0
5791,1
5792,2
5793,1
5794,1
5795,2
5796,2
5797,1
5798,0
5799,2
5800,2
5801,1
5802,0
5803,2
5804,0
5805,1
5806,1
5807,1
5808,2
5809,2
5810,0
5811,2
5812,2
5813,1
5814,2
5815,0
5816,1
5817,1
5818,1
5819,0
5820,1
5821,1
5822,0
5823,0
5824,0
5825,2
5826,2
5827,1
5828,1
5829,0
5830,2
5831,2
5832,1
5833,0
5834,0
5835,1
5836,0
5837,2
5838,2
5839,0
5840,2
5841,0
5842,0
5843,2
5844,2
5845,0
5846,2
5847,2
5848,2
5849,1
5850,2
5851,2
5852,2
5853,2
5854,1
5855,2
5856,0
5857,2
5858,2
5859,1
5860,2
5861,0
5862,2
5863,2
5864,1
5865,1
5866,1
5867,1
5868,2
5869,2
5870,1
5871,0
5872,2
5873,2
5874,2
5875,1
5876,1
5877,0
5878,2
5879,0
5880,0
5881,2
5882,2
5883,2
5884,2
5885,1
5886,0
5887,0
5888,0
5889,0
5890,1
5891,2
5892,1
5893,2
5894,2
5895,2
5896,0
5897,2
5898,2
5899,2
5900,1
5901,0
5902,0
5903,1
5904,1
5905,2
5906,1
5907,1
5908,2
5909,1
5910,0
5911,0
5912,0
5913,0
5914,1
5915,2
5916,0
5917,1
5918,1
5919,2
5920,0
5921,0
5922,2
5923,2
5924,2
5925,1
5926,2
5927,0
5928,1
5929,1
5930,2
5931,2
5932,0
5933,2
5934,2
5935,2
5936,0
5937,0
5938,2
5939,0
5940,0
5941,1
5942,2
5943,1
5944,2
5945,2
5946,2
5947,2
5948,2
5949,0
5950,1
5951,2
5952,2
5953,2
5954,1
5955,2
5956,2
5957,1
5958,0
5959,0
5960,0
5961,1
5962,2
5963,0
5964,0
5965,0
5966,0
5967,1
5968,2
5969,0
5970,1
5971,2
5972,2
5973,0
5974,0
5975,1
5976,1
5977,2
5978,0
5979,0
5980,1
5981,2
5982,2
5983,2
5984,2
5985,2
5986,0
5987,2
5988,2
5989,1
5990,0
5991,0
5992,2
5993,2
5994,1
5995,0
5996,1
5997,2
5998,1
5999,2
6000,0
6001,1
6002,0
6003,0
6004,1
6005,2
6006,1
6007,1
6008,1
6009,1
6010,1
6011,2
6012,1
6013,2
6014,0
6015,1
6016,2
6017,2
6018,0
6019,2
6020,0
6021,1
6022,2
6023,1
6024,2
6025,1
6026,0
6027,1
6028,0
6029,0
6030,2
6031,0
6032,1
6033,2
6034,1
6035,1
6036,1
6037,1
6038,0
6039,0
6040,1
6041,0
6042,0
6043,0
6044,2
6045,2
6046,0
6047,2
6048,1
6049,2
6050,0
6051,0
6052,1
6053,0
6054,2
6055,0
6056,1
6057,2
6058,2
6059,0
6060,2
6061,1
6062,0
6063,1
6064,2
6065,1
6066,1
6067,0
6068,2
6069,0
6070,1
6071,1
6072,2
6073,0
6074,2
6075,2
6076,0
6077,2
6078,0
6079,2
6080,2
6081,1
6082,1
6083,1
6084,2
6085,2
6086,2
6087,1
6088,0
6089,1
6090,2
6091,1
6092,2
6093,0
6094,1
6095,0
6096,0
6097,0
6098,2
6099,1
6100,2
6101,2
6102,2
6103,2
6104,2
6105,1
6106,2
6107,2
6108,0
6109,2
6110,1
6111,1
6112,1
6113,0
6114,1
6115,0
6116,1
6117,2
6118,0
6119,1
6120,2
6121,1
6122,1
6123,2
6124,1
6125,2
6126,1
6127,0
6128,1
6129,0
6130,2
6131,1
6132,1
6133,2
6134,2
6135,0
6136,1
6137,2
6138,2
6139,2
6140,1
6141,2
6142,1
6143,1
6144,0
6145,2
6146,2
6147,2
6148,1
6149,2
6150,0
6151,2
6152,0
6153,0
6154,1
6155,1
6156,0
6157,2
6158,0
6159,1
6160,2
6161,1
6162,2
6163,0
6164,0
6165,2
6166,1
6167,2
6168,1
6169,1
6170,0
6171,1
6172,2
6173,2
6174,1
6175,1
6176,2
6177,2
6178,2
6179,1
6180,1
6181,2
6182,0
6183,0
6184,1
6185,2
6186,2
6187,1
6188,1
6189,0
6190,2
6191,2
6192,0
6193,2
6194,1
6195,1
6196,0
6197,2
6198,0
6199,2
6200,0
6201,2
6202,0
6203,2
6204,2
6205,0
6206,0
6207,2
6208,2
6209,0
6210,1
6211,2
6212,0
6213,1
6214,0
6215,1
6216,0
6217,0
6218,1
6219,1
6220,1
6221,1
6222,2
6223,0
6224,1
6225,1
6226,1
6227,2
6228,2
6229,0
6230,1
6231,0
6232,2
6233,0
6234,1
6235,0
6236,2
6237,2
6238,1
6239,2
6240,2
6241,0
6242,0
6243,0
6244,0
6245,1
6246,1
6247,0
6248,0
6249,0
6250,0
6251,1
6252,2
6253,2
6254,1
6255,2
6256,1
6257,2
6258,1
6259,1
6260,0
6261,2
6262,0
6263,2
6264,0
6265,1
6266,0
6267,0
6268,1
6269,1
6270,1
6271,2
6272,2
6273,0
6274,1
6275,2
6276,0
6277,1
6278,0
6279,0
6280,2
6281,1
6282,1
6283,2
6284,2
6285,1
6286,0
6287,0
6288,2
6289,2
6290,2
6291,1
6292,1
6293,1
6294,0
6295,1
6296,0
6297,2
6298,0
6299,1
6300,2
6301,0
6302,2
6303,1
6304,1
6305,2
6306,1
6307,0
6308,0
6309,1
6310,1
6311,2
6312,0
6313,2
6314,0
6315,0
6316,0
6317,0
6318,2
6319,1
6320,2
6321,0
6322,2
6323,2
6324,2
6325,2
6326,2
6327,1
6328,1
6329,0
6330,0
6331,2
6332,1
6333,1
6334,0
6335,2
6336,0
6337,1
6338,2
6339,2
6340,0
6341,2
6342,0
6343,2
6344,1
6345,1
6346,2
6347,2
6348,1
6349,0
6350,1
6351,1
6352,1
6353,2
6354,1
6355,2
6356,0
6357,2
6358,2
6359,1
6360,0
6361,1
6362,1
6363,1
6364,1
6365,1
6366,2
6367,2
6368,0
6369,0
6370,2
6371,2
6372,2
6373,1
6374,2
6375,0
6376,1
6377,2
6378,1
6379,1
6380,0
6381,2
6382,2
6383,0
6384,1
6385,1
6386,2
6387,0
6388,2
6389,0
6390,0
6391,2
6392,2
6393,1
6394,1
6395,0
6396,0
6397,0
6398,1
6399,0
6400,2
6401,1
6402,1
6403,1
6404,0
6405,2
6406,2
6407,1
6408,0
6409,1
6410,1
6411,1
6412,1
6413,0
6414,0
6415,2
6416,1
6417,0
6418,1
6419,1
6420,1
6421,1
6422,2
6423,1
6424,0
6425,1
6426,0
6427,2
6428,0
6429,2
6430,2
6431,0
6432,0
6433,1
6434,1
6435,0
6436,1
6437,1
6438,0
6439,2
6440,2
6441,1
6442,0
6443,0
6444,2
6445,1
6446,1
6447,2
6448,2
6449,1
6450,2
6451,2
6452,1
6453,1
6454,2
6455,1
6456,1
6457,0
6458,2
6459,1
6460,1
6461,1
6462,2
6463,1
6464,1
6465,1
6466,2
6467,1
6468,1
6469,2
6470,2
6471,1
6472,0
6473,1
6474,0
6475,1
6476,2
6477,1
6478,0
6479,0
6480,2
6481,1
6482,1
6483,1
6484,0
6485,1
6486,1
6487,2
6488,2
6489,2
6490,2
6491,1
6492,2
6493,1
6494,0
6495,0
6496,0
6497,0
6498,2
6499,1
6500,2
6501,0
6502,1
6503,2
6504,1
6505,2
6506,2
6507,0
6508,1
6509,1
6510,0
6511,1
6512,1
6513,0
6514,2
6515,1
6516,2
6517,2
6518,2
6519,0
6520,1
6521,2
6522,2
6523,0
6524,0
6525,1
6526,2
6527,0
6528,0
6529,1
6530,2
6531,0
6532,0
6533,2
6534,0
6535,0
6536,0
6537,0
6538,1
6539,2
6540,1
6541,0
6542,2
6543,0
6544,0
6545,1
6546,0
6547,0
6548,0
6549,1
6550,1
6551,0
6552,1
6553,2
6554,2
6555,0
6556,1
6557,0
6558,0
6559,1
6560,0
6561,1
6562,0
6563,1
6564,0
6565,1
6566,0
6567,0
6568,1
6569,0
6570,2
6571,2
6572,1
6573,1
6574,2
6575,0
6576,0
6577,1
6578,2
6579,1
6580,2
6581,2
6582,0
6583,1
6584,0
6585,2
6586,0
6587,2
6588,1
6589,1
6590,2
6591,1
6592,0
6593,1
6594,2
6595,0
6596,1
6597,2
6598,0
6599,0
6600,1
6601,0
6602,0
6603,0
6604,0
6605,2
6606,0
6607,2
6608,2
6609,0
6610,0
6611,0
6612,1
6613,2
6614,1
6615,1
6616,2
6617,0
6618,1
6619,1
6620,1
6621,0
6622,0
6623,2
6624,1
6625,2
6626,0
6627,2
6628,2
6629,0
6630,1
6631,2
6632,0
6633,1
6634,1
6635,1
6636,2
6637,2
6638,2
6639,2
6640,1
6641,1
6642,2
6643,0
6644,1
6645,0
6646,0
6647,1
6648,2
6649,1
6650,2
6651,1
6652,1
6653,2
6654,0
6655,2
6656,2
6657,2
6658,2
6659,1
6660,1
6661,0
6662,1
6663,1
6664,2
6665,0
6666,0
6667,0
6668,0
6669,0
6670,1
6671,2
6672,1
6673,2
6674,2
6675,0
6676,0
6677,2
6678,0
6679,1
6680,0
6681,0
6682,1
6683,0
6684,0
6685,1
6686,1
6687,0
6688,1
6689,1
6690,1
6691,1
6692,1
6693,1
6694,0
6695,2
6696,1
6697,1
6698,2
6699,0
6700,2
6701,0
6702,1
6703,2
6704,1
6705,0
6706,2
6707,2
6708,0
6709,2
6710,1
6711,1
6712,0
6713,0
6714,1
6715,2
6716,0
6717,0
6718,2
6719,0
6720,1
6721,1
6722,1
6723,1
6724,1
6725,0
6726,2
6727,1
6728,1
6729,0
6730,2
6731,2
6732,2
6733,1
6734,1
6735,0
6736,2
6737,0
6738,2
6739,1
6740,2
6741,2
6742,0
6743,0
6744,0
6745,1
6746,1
6747,2
6748,2
6749,0
6750,0
6751,0
6752,0
6753,0
6754,0
6755,2
6756,0
6757,1
6758,0
6759,2
6760,0
6761,1
6762,1
6763,1
6764,2
6765,0
6766,1
6767,2
6768,1
6769,2
6770,2
6771,0
6772,1
6773,0
6774,2
6775,0
6776,2
6777,0
6778,2
6779,1
6780,0
6781,1
6782,2
6783,2
6784,2
6785,1
6786,1
6787,2
6788,2
6789,0
6790,2
6791,1
6792,0
6793,2
6794,2
6795,2
6796,2
6797,1
6798,1
6799,0
6800,1
6801,0
6802,0
6803,1
6804,2
6805,2
6806,1
6807,0
6808,2
6809,1
6810,2
6811,1
6812,1
6813,1
6814,1
6815,0
6816,2
6817,1
6818,2
6819,1
6820,1
6821,2
6822,1
6823,0
6824,1
6825,0
6826,1
6827,0
6828,1
6829,1
6830,2
6831,0
6832,1
6833,1
6834,0
6835,1
6836,0
6837,0
6838,0
6839,2
6840,1
6841,1
6842,0
6843,1
6844,2
6845,1
6846,1
6847,2
6848,0
6849,0
6850,2
6851,1
6852,2
6853,2
6854,1
6855,0
6856,1
6857,2
6858,2
6859,1
6860,0
6861,0
6862,1
6863,0
6864,1
6865,0
6866,2
6867,0
6868,0
6869,0
6870,0
6871,2
6872,0
6873,1
6874,1
6875,2
6876,2
6877,0
6878,2
6879,1
6880,1
6881,2
6882,1
6883,1
6884,2
6885,0
6886,0
6887,2
6888,1
6889,1
6890,1
6891,2
6892,0
6893,1
6894,0
6895,2
6896,0
6897,1
6898,1
6899,2
6900,2
6901,2
6902,1
6903,2
6904,1
6905,2
6906,0
6907,2
6908,1
6909,1
6910,1
6911,1
6912,0
6913,1
6914,0
6915,0
6916,2
6917,0
6918,1
6919,0
6920,1
6921,2
6922,1
6923,0
6924,0
6925,2
6926,2
6927,2
6928,1
6929,2
6930,0
6931,0
6932,2
6933,1
6934,2
6935,0
6936,2
6937,0
6938,2
6939,2
6940,0
6941,0
6942,0
6943,0
6944,1
6945,1
6946,2
6947,1
6948,2
6949,2
6950,0
6951,2
6952,2
6953,0
6954,2
6955,2
6956,2
6957,1
6958,2
6959,0
6960,1
6961,0
6962,1
6963,1
6964,0
6965,1
6966,1
6967,2
6968,1
6969,2
6970,0
6971,0
6972,0
6973,2
6974,2
6975,0
6976,2
6977,0
6978,0
6979,2
6980,0
6981,1
6982,0
6983,0
6984,1
6985,2
6986,0
6987,1
6988,1
6989,2
6990,1
6991,1
6992,0
6993,0
6994,1
6995,0
6996,2
6997,2
6998,1
6999,0
7000,0
7001,1
7002,1
7003,0
7004,2
7005,1
7006,2
7007,2
7008,2
7009,1
7010,2
7011,0
7012,0
7013,0
7014,1
7015,1
7016,0
7017,0
7018,2
7019,0
7020,0
7021,0
7022,1
7023,2
7024,1
7025,0
7026,0
7027,0
7028,2
7029,1
7030,0
7031,0
7032,1
7033,0
7034,0
7035,2
7036,2
7037,0
7038,2
7039,1
7040,2
7041,2
7042,2
7043,1
7044,2
7045,2
7046,1
7047,2
7048,2
7049,1
7050,0
7051,2
7052,2
7053,1
7054,2
7055,1
7056,2
7057,0
7058,1
7059,0
7060,0
7061,1
7062,0
7063,1
7064,0
7065,1
7066,0
7067,1
7068,0
7069,1
7070,0
7071,1
7072,2
7073,0
7074,1
7075,1
7076,2
7077,2
7078,0
7079,1
7080,2
7081,0
7082,2
7083,1
7084,0
7085,1
7086,1
7087,1
7088,0
7089,2
7090,1
7091,1
7092,2
7093,0
7094,0
7095,2
7096,0
7097,2
7098,2
7099,0
7100,0
7101,2
7102,2
7103,2
7104,0
7105,1
7106,2
7107,1
7108,2
7109,2
7110,0
7111,2
7112,1
7113,1
7114,1
7115,1
7116,1
7117,1
7118,0
7119,1
7120,0
7121,0
7122,1
7123,2
7124,1
7125,1
7126,2
7127,2
7128,2
7129,1
7130,0
7131,2
7132,0
7133,2
7134,0
7135,0
7136,1
7137,1
7138,2
7139,1
7140,0
7141,1
7142,0
7143,1
7144,0
7145,1
7146,2
7147,0
7148,0
7149,1
7150,2
7151,2
7152,1
7153,2
7154,1
7155,1
7156,0
7157,0
7158,0
7159,1
7160,0
7161,0
7162,0
7163,0
7164,0
7165,1
7166,2
7167,1
7168,2
7169,1
7170,2
7171,2
7172,2
7173,2
7174,2
7175,1
7176,2
7177,1
7178,2
7179,0
7180,2
7181,0
7182,0
7183,2
7184,1
7185,1
7186,2
7187,2
7188,1
7189,2
7190,1
7191,2
7192,0
7193,2
7194,2
7195,2
7196,2
7197,0
7198,0
7199,2
7200,0
7201,1
7202,2
7203,2
7204,1
7205,0
7206,0
7207,1
7208,2
7209,1
7210,0
7211,2
7212,0
7213,0
7214,1
7215,2
7216,1
7217,0
7218,0
7219,2
7220,1
7221,2
7222,0
7223,1
7224,0
7225,1
7226,2
7227,1
7228,0
7229,2
7230,1
7231,1
7232,1
7233,0
7234,1
7235,1
7236,2
7237,0
7238,1
7239,2
7240,2
7241,2
7242,0
7243,2
7244,2
7245,1
7246,0
7247,2
7248,0
7249,0
7250,2
7251,2
7252,1
7253,2
7254,2
7255,1
7256,1
7257,1
7258,0
7259,0
7260,2
7261,2
7262,0
7263,1
7264,2
7265,0
7266,1
7267,0
7268,0
7269,0
7270,0
7271,1
7272,1
7273,1
7274,2
7275,0
7276,2
7277,1
7278,1
7279,1
7280,1
7281,0
7282,0
7283,2
7284,2
7285,0
7286,2
7287,2
7288,0
7289,1
7290,0
7291,1
7292,2
7293,2
7294,2
7295,1
7296,2
7297,0
7298,1
7299,1
7300,0
7301,2
7302,2
7303,0
7304,2
7305,1
7306,1
7307,0
7308,2
7309,1
7310,0
7311,2
7312,2
7313,2
7314,0
7315,1
7316,0
7317,1
7318,0
7319,2
7320,2
7321,1
7322,2
7323,2
7324,2
7325,1
7326,1
7327,1
7328,1
7329,1
7330,0
7331,2
7332,1
7333,0
7334,0
7335,2
7336,2
7337,0
7338,1
7339,2
7340,0
7341,0
7342,2
7343,0
7344,2
7345,2
7346,1
7347,0
7348,2
7349,2
7350,0
7351,0
7352,0
7353,2
7354,0
7355,1
7356,0
7357,0
7358,1
7359,1
7360,0
7361,0
7362,0
7363,1
7364,1
7365,1
7366,0
7367,2
7368,1
7369,0
7370,2
7371,0
7372,2
7373,2
7374,2
7375,2
7376,2
7377,2
7378,1
7379,1
7380,2
7381,2
7382,2
7383,2
7384,2
7385,1
7386,1
7387,1
7388,1
7389,0
7390,1
7391,0
7392,0
7393,2
7394,0
7395,1
7396,2
7397,0
7398,1
7399,0
7400,1
7401,1
7402,2
7403,0
7404,1
7405,1
7406,0
7407,0
7408,1
7409,1
7410,2
7411,2
7412,1
7413,1
7414,2
7415,2
7416,2
7417,1
7418,2
7419,1
7420,1
7421,0
7422,1
7423,0
7424,2
7425,2
7426,1
7427,0
7428,0
7429,1
7430,1
7431,1
7432,1
7433,0
7434,1
7435,1
7436,0
7437,1
7438,2
7439,2
7440,2
7441,1
7442,0
7443,2
7444,2
7445,0
7446,1
7447,1
7448,2
7449,0
7450,1
7451,2
7452,0
7453,1
7454,0
7455,1
7456,1
7457,0
7458,2
7459,0
7460,2
7461,0
7462,1
7463,2
7464,2
7465,1
7466,0
7467,2
7468,1
7469,0
7470,2
7471,2
7472,0
7473,1
7474,0
7475,1
7476,1
7477,1
7478,1
7479,1
7480,2
7481,1
7482,2
7483,0
7484,2
7485,2
7486,0
7487,0
7488,0
7489,2
7490,0
7491,1
7492,1
7493,1
7494,2
7495,1
7496,1
7497,1
7498,1
7499,2
7500,2
7501,0
7502,1
7503,0
7504,0
7505,1
7506,2
7507,1
7508,1
7509,0
7510,2
7511,2
7512,0
7513,2
7514,0
7515,2
7516,0
7517,2
7518,0
7519,1
7520,2
7521,2
7522,1
7523,0
7524,2
7525,2
7526,2
7527,1
7528,0
7529,0
7530,0
7531,2
7532,1
7533,2
7534,1
7535,0
7536,1
7537,0
7538,2
7539,1
7540,2
7541,0
7542,0
7543,1
7544,0
7545,2
7546,0
7547,2
7548,0
7549,0
7550,0
7551,0
7552,1
7553,1
7554,1
7555,1
7556,0
7557,0
7558,1
7559,0
7560,0
7561,0
7562,1
7563,2
7564,1
7565,2
7566,0
7567,0
7568,1
7569,0
7570,0
7571,1
7572,1
7573,2
7574,0
7575,0
7576,0
7577,2
7578,0
7579,0
7580,0
7581,2
7582,0
7583,2
7584,2
7585,1
7586,1
7587,1
7588,2
7589,0
7590,1
7591,2
7592,1
7593,2
7594,2
7595,1
7596,2
7597,0
7598,0
7599,1
7600,2
7601,2
7602,1
7603,1
7604,2
7605,1
7606,1
7607,0
7608,0
7609,1
7610,0
7611,1
7612,2
7613,2
7614,1
7615,1
7616,1
7617,2
7618,1
7619,2
7620,0
7621,2
7622,1
7623,0
7624,2
7625,1
7626,0
7627,1
7628,2
7629,1
7630,1
7631,2
7632,1
7633,0
7634,2
7635,1
7636,1
7637,1
7638,1
7639,1
7640,2
7641,2
7642,2
7643,1
7644,2
7645,2
7646,1
7647,1
7648,2
7649,0
7650,0
7651,1
7652,0
7653,2
7654,0
7655,2
7656,1
7657,0
7658,0
7659,0
7660,2
7661,1
7662,2
7663,1
7664,0
7665,1
7666,1
7667,0
7668,2
7669,2
7670,0
7671,0
7672,1
7673,0
7674,0
7675,0
7676,1
7677,1
7678,2
7679,1
7680,1
7681,1
7682,1
7683,1
7684,2
7685,2
7686,1
7687,2
7688,1
7689,1
7690,1
7691,0
7692,1
7693,2
7694,0
7695,1
7696,0
7697,0
7698,1
7699,2
7700,2
7701,1
7702,0
7703,0
7704,2
7705,1
7706,0
7707,2
7708,2
7709,1
7710,1
7711,2
7712,1
7713,1
7714,2
7715,1
7716,2
7717,1
7718,0
7719,0
7720,0
7721,0
7722,1
7723,1
7724,2
7725,1
7726,0
7727,1
7728,2
7729,1
7730,0
7731,2
7732,1
7733,1
7734,1
7735,0
7736,1
7737,2
7738,1
7739,2
7740,1
7741,2
7742,1
7743,1
7744,2
7745,1
7746,1
7747,0
7748,0
7749,2
7750,1
7751,0
7752,1
7753,0
7754,2
7755,1
7756,0
7757,1
7758,0
7759,2
7760,2
7761,1
7762,2
7763,2
7764,2
7765,1
7766,2
7767,0
7768,1
7769,2
7770,0
7771,1
7772,1
7773,1
7774,0
7775,0
7776,2
7777,1
7778,1
7779,2
7780,2
7781,1
7782,2
7783,0
7784,2
7785,1
7786,2
7787,1
7788,1
7789,2
7790,2
7791,2
7792,1
7793,2
7794,2
7795,0
7796,2
7797,0
7798,0
7799,0
7800,2
7801,0
7802,2
7803,1
7804,1
7805,1
7806,2
7807,0
7808,1
7809,0
7810,1
7811,2
7812,0
7813,2
7814,2
7815,0
7816,0
7817,0
7818,2
7819,1
7820,2
7821,2
7822,0
7823,2
7824,1
7825,1
7826,1
7827,2
7828,0
7829,2
7830,0
7831,0
7832,0
7833,0
7834,2
7835,1
7836,1
7837,1
7838,2
7839,0
7840,0
7841,1
7842,1
7843,2
7844,2
7845,1
7846,1
7847,0
7848,2
7849,2
7850,2
7851,1
7852,1
7853,1
7854,2
7855,1
7856,1
7857,1
7858,0
7859,1
7860,1
7861,1
7862,1
7863,2
7864,2
7865,2
7866,1
7867,2
7868,1
7869,2
7870,2
7871,2
7872,0
7873,2
7874,0
7875,0
7876,1
7877,1
7878,2
7879,0
7880,2
7881,1
7882,2
7883,1
7884,0
7885,1
7886,2
7887,1
7888,0
7889,1
7890,1
7891,1
7892,1
7893,2
7894,1
7895,0
7896,2
7897,0
7898,1
7899,1
7900,0
7901,1
7902,0
7903,0
7904,0
7905,0
7906,2
7907,0
7908,1
7909,0
7910,2
7911,0
7912,0
7913,2
7914,0
7915,1
7916,2
7917,2
7918,2
7919,0
7920,0
7921,0
7922,2
7923,2
7924,2
7925,2
7926,2
7927,1
7928,2
7929,1
7930,1
7931,2
7932,0
7933,1
7934,2
7935,0
7936,1
7937,1
7938,1
7939,1
7940,1
7941,0
7942,2
7943,1
7944,1
7945,1
7946,2
7947,1
7948,0
7949,2
7950,2
7951,0
7952,2
7953,2
7954,0
7955,2
7956,2
7957,1
7958,2
7959,2
7960,1
7961,1
7962,2
7963,0
7964,0
7965,1
7966,2
7967,0
7968,1
7969,0
7970,1
7971,1
7972,0
7973,1
7974,2
7975,0
7976,2
7977,0
7978,2
7979,0
7980,1
7981,2
7982,1
7983,1
7984,0
7985,2
7986,0
7987,2
7988,2
7989,1
7990,2
7991,0
7992,2
7993,1
7994,1
7995,1
7996,2
7997,2
7998,1
7999,0
8000,2
8001,0
8002,2
8003,1
8004,0
8005,0
8006,1
8007,0
8008,0
8009,0
8010,2
8011,2
8012,0
8013,1
8014,2
8015,0
8016,0
8017,0
8018,2
8019,0
8020,0
8021,2
8022,2
8023,1
8024,0
8025,2
8026,1
8027,0
8028,2
8029,2
8030,0
8031,0
8032,0
8033,0
8034,0
8035,2
8036,0
8037,2
8038,2
8039,2
8040,2
8041,2
8042,0
8043,2
8044,0
8045,0
8046,1
8047,1
8048,0
8049,2
8050,2
8051,2
8052,2
8053,0
8054,1
8055,1
8056,2
8057,1
8058,1
8059,1
8060,2
8061,1
8062,2
8063,0
8064,2
8065,1
8066,0
8067,0
8068,2
8069,1
8070,2
8071,2
8072,0
8073,0
8074,2
8075,2
8076,1
8077,1
8078,2
8079,1
8080,2
8081,1
8082,0
8083,2
8084,2
8085,1
8086,2
8087,1
8088,0
8089,0
8090,2
8091,0
8092,1
8093,0
8094,0
8095,2
8096,1
8097,2
8098,2
8099,1
8100,1
8101,0
8102,1
8103,2
8104,2
8105,1
8106,2
8107,1
8108,0
8109,2
8110,1
8111,2
8112,1
8113,2
8114,1
8115,0
8116,1
8117,2
8118,2
8119,2
8120,2
8121,2
8122,2
8123,2
8124,1
8125,2
8126,2
8127,2
8128,0
8129,0
8130,2
8131,1
8132,2
8133,2
8134,0
8135,2
8136,1
8137,2
8138,2
8139,0
8140,1
8141,0
8142,0
8143,2
8144,0
8145,1
8146,2
8147,0
8148,0
8149,1
8150,0
8151,1
8152,2
8153,0
8154,2
8155,0
8156,0
8157,2
8158,1
8159,1
8160,2
8161,1
8162,1
8163,1
8164,0
8165,1
8166,2
8167,1
8168,0
8169,1
8170,2
8171,2
8172,0
8173,0
8174,2
8175,2
8176,0
8177,2
8178,2
8179,0
8180,1
8181,1
8182,0
8183,1
8184,2
8185,1
8186,1
8187,0
8188,0
8189,0
8190,1
8191,2
8192,0
8193,1
8194,2
8195,1
8196,2
8197,0
8198,0
8199,0
8200,0
8201,1
8202,1
8203,2
8204,0
8205,0
8206,2
8207,0
8208,0
8209,0
8210,0
8211,2
8212,0
8213,2
8214,2
8215,1
8216,0
8217,1
8218,0
8219,0
8220,1
8221,1
8222,1
8223,1
8224,2
8225,2
8226,2
8227,0
8228,1
8229,0
8230,2
8231,1
8232,1
8233,0
8234,2
8235,0
8236,0
8237,0
8238,1
8239,0
8240,2
8241,2
8242,2
8243,2
8244,0
8245,1
8246,1
8247,1
8248,0
8249,0
8250,1
8251,1
8252,1
8253,2
8254,2
8255,2
8256,0
8257,1
8258,0
8259,2
8260,0
8261,0
8262,1
8263,0
8264,2
8265,1
8266,0
8267,2
8268,2
8269,0
8270,1
8271,2
8272,0
8273,0
8274,2
8275,1
8276,2
8277,0
8278,2
8279,0
8280,0
8281,1
8282,0
8283,2
8284,1
8285,2
8286,0
8287,1
8288,1
8289,1
8290,0
8291,2
8292,1
8293,1
8294,0
8295,2
8296,0
8297,0
8298,0
8299,1
8300,2
8301,1
8302,2
8303,2
8304,1
8305,0
8306,1
8307,2
8308,2
8309,1
8310,1
8311,2
8312,1
8313,0
8314,2
8315,2
8316,0
8317,2
8318,1
8319,2
8320,2
8321,2
8322,1
8323,0
8324,2
8325,1
8326,2
8327,1
8328,1
8329,1
8330,2
8331,1
8332,0
8333,1
8334,1
8335,0
8336,2
8337,1
8338,2
8339,2
8340,2
8341,2
8342,0
8343,2
8344,2
8345,0
8346,2
8347,1
8348,1
8349,1
8350,2
8351,2
8352,2
8353,0
8354,1
8355,0
8356,0
8357,0
8358,0
8359,2
8360,2
8361,0
8362,1
8363,2
8364,0
8365,1
8366,1
8367,1
8368,2
8369,2
8370,1
8371,0
8372,1
8373,0
8374,2
8375,2
8376,2
8377,1
8378,2
8379,0
8380,2
8381,1
8382,0
8383,1
8384,0
8385,0
8386,2
8387,2
8388,2
8389,1
8390,2
8391,0
8392,0
8393,0
8394,0
8395,2
8396,2
8397,2
8398,0
8399,0
8400,0
8401,2
8402,1
8403,2
8404,1
8405,1
8406,2
8407,2
8408,1
8409,1
8410,2
8411,1
8412,1
8413,1
8414,2
8415,1
8416,2
8417,1
8418,1
8419,0
8420,0
8421,1
8422,1
8423,1
8424,1
8425,2
8426,1
8427,2
8428,2
8429,0
8430,2
8431,1
8432,1
8433,0
8434,2
8435,0
8436,2
8437,1
8438,0
8439,1
8440,1
8441,2
8442,1
8443,2
8444,1
8445,0
8446,1
8447,2
8448,2
8449,0
8450,0
8451,2
8452,1
8453,0
8454,2
8455,1
8456,1
8457,0
8458,0
8459,0
8460,2
8461,0
8462,0
8463,0
8464,0
8465,2
8466,2
8467,2
8468,2
8469,1
8470,1
8471,1
8472,1
8473,0
8474,2
8475,1
8476,0
8477,2
8478,2
8479,2
8480,0
8481,2
8482,2
8483,0
8484,2
8485,1
8486,2
8487,0
8488,0
8489,2
8490,2
8491,2
8492,2
8493,1
8494,2
8495,0
8496,2
8497,0
8498,2
8499,0
8500,2
8501,2
8502,0
8503,0
8504,1
8505,1
8506,2
8507,1
8508,1
8509,1
8510,1
8511,0
8512,0
8513,2
8514,1
8515,1
8516,2
8517,2
8518,0
8519,2
8520,1
8521,0
8522,1
8523,2
8524,1
8525,2
8526,2
8527,1
8528,1
8529,1
8530,1
8531,1
8532,2
8533,0
8534,2
8535,2
8536,0
8537,0
8538,2
8539,1
8540,1
8541,2
8542,2
8543,0
8544,1
8545,0
8546,0
8547,1
8548,1
8549,2
8550,0
8551,1
8552,1
8553,1
8554,2
8555,0
8556,0
8557,0
8558,2
8559,1
8560,2
8561,2
8562,2
8563,0
8564,1
8565,2
8566,2
8567,0
8568,1
8569,1
8570,0
8571,1
8572,2
8573,0
8574,0
8575,1
8576,0
8577,1
8578,2
8579,0
8580,1
8581,2
8582,2
8583,0
8584,1
8585,2
8586,0
8587,0
8588,2
8589,1
8590,0
8591,0
8592,0
8593,2
8594,1
8595,1
8596,0
8597,1
8598,1
8599,0
8600,2
8601,2
8602,1
8603,0
8604,2
8605,0
8606,2
8607,1
8608,1
8609,1
8610,0
8611,2
8612,2
8613,0
8614,1
8615,0
8616,0
8617,0
8618,0
8619,2
8620,1
8621,0
8622,1
8623,0
8624,2
8625,1
8626,1
8627,2
8628,2
8629,2
8630,1
8631,1
8632,0
8633,1
8634,2
8635,1
8636,2
8637,0
8638,2
8639,0
8640,0
8641,1
8642,0
8643,2
8644,2
8645,0
8646,1
8647,2
8648,0
8649,1
8650,2
8651,1
8652,2
8653,1
8654,2
8655,0
8656,1
8657,1
8658,1
8659,1
8660,1
8661,0
8662,2
8663,0
8664,0
8665,2
8666,1
8667,2
8668,1
8669,2
8670,1
8671,2
8672,2
8673,0
8674,1
8675,0
8676,1
8677,1
8678,2
8679,0
8680,1
8681,2
8682,0
8683,1
8684,0
8685,2
8686,0
8687,0
8688,1
8689,1
8690,2
8691,1
8692,1
8693,1
8694,0
8695,2
8696,0
8697,1
8698,0
8699,1
8700,2
8701,2
8702,0
8703,2
8704,2
8705,0
8706,2
8707,1
8708,1
8709,1
8710,2
8711,0
8712,0
8713,2
8714,1
8715,1
8716,2
8717,2
8718,1
8719,2
8720,0
8721,2
8722,2
8723,2
8724,0
8725,0
8726,0
8727,1
8728,2
8729,1
8730,2
8731,0
8732,0
8733,0
8734,1
8735,1
8736,2
8737,1
8738,1
8739,2
8740,2
8741,2
8742,2
8743,0
8744,0
8745,0
8746,0
8747,1
8748,2
8749,1
8750,0
8751,1
8752,2
8753,0
8754,0
8755,1
8756,1
8757,2
8758,0
8759,2
8760,2
8761,2
8762,2
8763,0
8764,2
8765,0
8766,0
8767,2
8768,0
8769,2
8770,1
8771,0
8772,2
8773,0
8774,2
8775,0
8776,1
8777,1
8778,0
8779,0
8780,0
8781,2
8782,0
8783,2
8784,2
8785,0
8786,0
8787,0
8788,1
8789,0
8790,1
8791,1
8792,2
8793,1
8794,2
8795,2
8796,2
8797,2
8798,1
8799,2
8800,0
8801,1
8802,0
8803,0
8804,0
8805,2
8806,0
8807,0
8808,1
8809,1
8810,0
8811,1
8812,0
8813,2
8814,2
8815,1
8816,2
8817,1
8818,0
8819,1
8820,1
8821,2
8822,1
8823,2
8824,2
8825,2
8826,1
8827,0
8828,2
8829,2
8830,1
8831,2
8832,2
8833,1
8834,2
8835,0
8836,2
8837,1
8838,0
8839,2
8840,1
8841,2
8842,1
8843,2
8844,0
8845,0
8846,0
8847,1
8848,0
8849,0
8850,1
8851,1
8852,0
8853,1
8854,2
8855,1
8856,1
8857,2
8858,2
8859,2
8860,1
8861,0
8862,0
8863,1
8864,0
8865,1
8866,2
8867,1
8868,1
8869,1
8870,1
8871,1
8872,2
8873,1
8874,2
8875,1
8876,1
8877,0
8878,1
8879,1
8880,2
8881,2
8882,2
8883,1
8884,0
8885,1
8886,2
8887,0
8888,2
8889,0
8890,0
8891,2
8892,0
8893,1
8894,2
8895,0
8896,1
8897,1
8898,2
8899,2
8900,1
8901,0
8902,1
8903,1
8904,1
8905,0
8906,0
8907,2
8908,2
8909,1
8910,0
8911,0
8912,2
8913,0
8914,2
8915,2
8916,0
8917,2
8918,0
8919,2
8920,2
8921,2
8922,2
8923,1
8924,2
8925,2
8926,1
8927,2
8928,2
8929,2
8930,0
8931,1
8932,1
8933,0
8934,2
8935,1
8936,2
8937,0
8938,2
8939,0
8940,0
8941,1
8942,1
8943,2
8944,2
8945,0
8946,2
8947,1
8948,1
8949,1
8950,1
8951,0
8952,1
8953,0
8954,2
8955,2
8956,2
8957,0
8958,0
8959,0
8960,1
8961,0
8962,0
8963,1
8964,2
8965,0
8966,1
8967,2
8968,2
8969,2
8970,1
8971,2
8972,2
8973,2
8974,0
8975,1
8976,2
8977,1
8978,1
8979,1
8980,1
8981,2
8982,0
8983,2
8984,2
8985,0
8986,1
8987,2
8988,2
8989,1
8990,1
8991,1
8992,1
8993,1
8994,2
8995,0
8996,2
8997,1
8998,1
8999,0
9000,2
9001,1
9002,0
9003,2
9004,0
9005,2
9006,0
9007,0
9008,2
9009,2
9010,2
9011,0
9012,0
9013,0
9014,1
9015,0
9016,2
9017,0
9018,2
9019,1
9020,1
9021,2
9022,0
9023,0
9024,2
9025,1
9026,2
9027,2
9028,2
9029,2
9030,0
9031,1
9032,2
9033,1
9034,2
9035,0
9036,2
9037,2
9038,1
9039,0
9040,0
9041,0
9042,1
9043,0
9044,0
9045,0
9046,2
9047,0
9048,0
9049,1
9050,0
9051,0
9052,2
9053,2
9054,2
9055,2
9056,2
9057,1
9058,2
9059,0
9060,1
9061,0
9062,0
9063,1
9064,0
9065,2
9066,1
9067,0
9068,0
9069,1
9070,2
9071,1
9072,0
9073,2
9074,2
9075,0
9076,0
9077,1
9078,1
9079,1
9080,0
9081,1
9082,2
9083,0
9084,0
9085,2
9086,0
9087,0
9088,0
9089,0
9090,2
9091,1
9092,1
9093,1
9094,2
9095,1
9096,0
9097,0
9098,2
9099,0
9100,2
9101,2
9102,2
9103,1
9104,1
9105,1
9106,1
9107,2
9108,2
9109,0
9110,1
9111,2
9112,2
9113,1
9114,2
9115,1
9116,0
9117,0
9118,1
9119,1
9120,1
9121,1
9122,2
9123,0
9124,0
9125,2
9126,1
9127,0
9128,0
9129,1
9130,1
9131,2
9132,2
9133,0
9134,1
9135,2
9136,0
9137,0
9138,2
9139,2
9140,1
9141,0
9142,2
9143,0
9144,0
9145,2
9146,1
9147,1
9148,2
9149,2
9150,0
9151,2
9152,1
9153,1
9154,1
9155,2
9156,1
9157,0
9158,2
9159,1
9160,1
9161,0
9162,2
9163,1
9164,0
9165,2
9166,2
9167,0
9168,2
9169,1
9170,0
9171,2
9172,1
9173,2
9174,0
9175,2
9176,0
9177,1
9178,2
9179,1
9180,2
9181,0
9182,2
9183,0
9184,2
9185,0
9186,1
9187,2
9188,2
9189,2
9190,1
9191,0
9192,0
9193,2
9194,2
9195,1
9196,1
9197,1
9198,0
9199,2
9200,1
9201,1
9202,0
9203,2
9204,0
9205,0
9206,0
9207,0
9208,0
9209,0
9210,0
9211,1
9212,1
9213,1
9214,2
9215,0
9216,2
9217,1
9218,0
9219,0
9220,0
9221,0
9222,2
9223,2
9224,1
9225,2
9226,1
9227,2
9228,2
9229,1
9230,1
9231,1
9232,1
9233,1
9234,0
9235,2
9236,1
9237,1
9238,2
9239,2
9240,2
9241,1
9242,0
9243,1
9244,0
9245,2
9246,2
9247,1
9248,2
9249,1
9250,1
9251,1
9252,1
9253,0
9254,2
9255,1
9256,2
9257,2
9258,0
9259,0
9260,2
9261,0
9262,0
9263,1
9264,2
9265,0
9266,0
9267,1
9268,0
9269,2
9270,0
9271,2
9272,1
9273,1
9274,1
9275,0
9276,2
9277,2
9278,2
9279,0
9280,2
9281,0
9282,1
9283,2
9284,0
9285,2
9286,1
9287,1
9288,0
9289,1
9290,2
9291,2
9292,2
9293,1
9294,1
9295,2
9296,2
9297,2
9298,2
9299,1
9300,1
9301,0
9302,1
9303,0
9304,1
9305,1
9306,1
9307,2
9308,1
9309,0
9310,0
9311,0
9312,1
9313,0
9314,2
9315,0
9316,0
9317,2
9318,1
9319,1
9320,1
9321,2
9322,2
9323,0
9324,1
9325,0
9326,0
9327,0
9328,2
9329,1
9330,1
9331,1
9332,0
9333,1
9334,1
9335,2
9336,0
9337,1
9338,0
9339,2
9340,1
9341,0
9342,0
9343,2
9344,2
9345,2
9346,1
9347,2
9348,1
9349,1
9350,1
9351,0
9352,1
9353,0
9354,2
9355,1
9356,1
9357,2
9358,2
9359,1
9360,0
9361,0
9362,0
9363,2
9364,1
9365,2
9366,0
9367,0
9368,2
9369,1
9370,2
9371,0
9372,0
9373,2
9374,1
9375,1
9376,2
9377,0
9378,2
9379,1
9380,1
9381,1
9382,1
9383,1
9384,2
9385,1
9386,2
9387,0
9388,0
9389,0
9390,1
9391,1
9392,2
9393,0
9394,1
9395,1
9396,0
9397,2
9398,2
9399,2
9400,0
9401,0
9402,0
9403,2
9404,1
9405,0
9406,2
9407,1
9408,2
9409,2
9410,1
9411,1
9412,2
9413,1
9414,0
9415,2
9416,2
9417,1
9418,0
9419,2
9420,2
9421,2
9422,2
9423,2
9424,2
9425,0
9426,2
9427,0
9428,0
9429,1
9430,1
9431,0
9432,1
9433,1
9434,2
9435,1
9436,2
9437,1
9438,0
9439,2
9440,2
9441,1
9442,1
9443,1
9444,2
9445,2
9446,2
9447,1
9448,2
9449,0
9450,2
9451,1
9452,1
9453,0
9454,1
9455,1
9456,0
9457,2
9458,2
9459,0
9460,0
9461,0
9462,2
9463,2
9464,2
9465,2
9466,2
9467,0
9468,2
9469,1
9470,2
9471,2
9472,1
9473,1
9474,0
9475,0
9476,2
9477,2
9478,2
9479,2
9480,1
9481,1
9482,1
9483,2
9484,1
9485,1
9486,2
9487,2
9488,1
9489,0
9490,1
9491,2
9492,2
9493,0
9494,0
9495,0
9496,2
9497,1
9498,0
9499,0
9500,1
9501,2
9502,0
9503,1
9504,2
9505,1
9506,2
9507,0
9508,0
9509,1
9510,2
9511,2
9512,0
9513,1
9514,2
9515,0
9516,2
9517,1
9518,0
9519,0
9520,1
9521,0
9522,2
9523,1
9524,0
9525,1
9526,0
9527,1
9528,2
9529,2
9530,2
9531,2
9532,2
9533,1
9534,0
9535,1
9536,1
9537,0
9538,1
9539,1
9540,2
9541,1
9542,0
9543,0
9544,2
9545,0
9546,1
9547,1
9548,2
9549,0
9550,2
9551,2
9552,1
9553,0
9554,1
9555,2
9556,2
9557,0
9558,0
9559,0
9560,1
9561,2
9562,1
9563,1
9564,1
9565,2
9566,2
9567,0
9568,1
9569,1
9570,2
9571,2
9572,1
9573,0
9574,0
9575,1
9576,0
9577,2
9578,0
9579,1
9580,2
9581,0
9582,1
9583,2
9584,2
9585,2
9586,1
9587,0
9588,1
9589,0
9590,1
9591,1
9592,1
9593,0
9594,1
9595,1
9596,2
9597,0
9598,0
9599,2
9600,2
9601,2
9602,2
9603,2
9604,1
9605,0
9606,0
9607,1
9608,0
9609,0
9610,0
9611,2
9612,0
9613,1
9614,1
9615,0
9616,1
9617,0
9618,2
9619,2
9620,1
9621,1
9622,0
9623,0
9624,0
9625,0
9626,2
9627,0
9628,2
9629,2
9630,0
9631,0
9632,1
9633,0
9634,1
9635,1
9636,1
9637,0
9638,1
9639,1
9640,0
9641,2
9642,0
9643,0
9644,2
9645,0
9646,2
9647,0
9648,0
9649,2
9650,2
9651,2
9652,2
9653,0
9654,0
9655,1
9656,1
9657,0
9658,1
9659,0
9660,1
9661,2
9662,1
9663,2
9664,0
9665,2
9666,2
9667,0
9668,2
9669,2
9670,2
9671,0
9672,0
9673,2
9674,0
9675,2
9676,1
9677,2
9678,1
9679,1
9680,2
9681,2
9682,1
9683,0
9684,2
9685,1
9686,1
9687,1
9688,1
9689,2
9690,1
9691,2
9692,2
9693,0
9694,2
9695,2
9696,1
9697,2
9698,0
9699,1
9700,0
9701,1
9702,1
9703,1
9704,0
9705,0
9706,0
9707,0
9708,2
9709,2
9710,2
9711,1
9712,2
9713,0
9714,1
9715,0
9716,2
9717,0
9718,1
9719,1
9720,0
9721,2
9722,0
9723,2
9724,0
9725,1
9726,0
9727,2
9728,1
9729,1
9730,2
9731,1
9732,2
9733,1
9734,1
9735,0
9736,1
9737,1
9738,1
9739,1
9740,1
9741,1
9742,2
9743,1
9744,1
9745,1
9746,1
9747,1
9748,2
9749,0
9750,0
9751,2
9752,0
9753,0
9754,1
9755,2
9756,1
9757,0
9758,0
9759,0
9760,1
9761,2
9762,0
9763,0
9764,0
9765,1
9766,1
9767,1
9768,1
9769,1
9770,2
9771,0
9772,2
9773,2
9774,1
9775,1
9776,0
9777,1
9778,0
9779,0
9780,2
9781,0
9782,1
9783,0
9784,2
9785,1
9786,0
9787,0
9788,1
9789,1
9790,0
9791,2
9792,1
9793,2
9794,0
9795,2
9796,2
9797,1
9798,1
9799,1
9800,1
9801,2
9802,1
9803,0
9804,0
9805,2
9806,1
9807,2
9808,2
9809,1
9810,0
9811,2
9812,2
9813,2
9814,0
9815,2
9816,0
9817,1
9818,0
9819,2
9820,2
9821,0
9822,2
9823,1
9824,2
9825,1
9826,2
9827,0
9828,2
9829,1
9830,0
9831,1
9832,2
9833,2
9834,2
9835,0
9836,1
9837,1
9838,0
9839,0
9840,1
9841,2
9842,2
9843,2
9844,1
9845,0
9846,0
9847,2
9848,1
9849,1
9850,1
9851,2
9852,0
9853,0
9854,1
9855,1
9856,0
9857,0
9858,1
9859,1
9860,2
9861,1
9862,2
9863,1
9864,1
9865,0
9866,0
9867,2
9868,2
9869,2
9870,0
9871,0
9872,2
9873,2
9874,0
9875,2
9876,1
9877,2
9878,2
9879,2
9880,2
9881,0
9882,2
9883,0
9884,0
9885,0
9886,1
9887,2
9888,0
9889,2
9890,0
9891,2
9892,1
9893,2
9894,0
9895,1
9896,1
9897,1
9898,0
9899,0
9900,0
9901,2
9902,1
9903,0
9904,2
9905,1
9906,0
9907,0
9908,2
9909,1
9910,0
9911,0
9912,0
9913,0
9914,2
9915,1
9916,1
9917,1
9918,2
9919,2
9920,2
9921,1
9922,1
9923,2
9924,1
9925,1
9926,1
9927,1
9928,1
9929,0
9930,1
9931,0
9932,0
9933,1
9934,1
9935,0
9936,2
9937,0
9938,1
9939,0
9940,2
9941,2
9942,0
9943,0
9944,2
9945,0
9946,2
9947,1
9948,0
9949,1
9950,2
9951,2
9952,2
9953,2
9954,1
9955,2
9956,1
9957,2
9958,0
9959,2
9960,1
9961,1
9962,0
9963,1
9964,2
9965,0
9966,0
9967,1
9968,2
9969,1
9970,2
9971,2
9972,1
9973,0
9974,0
9975,2
9976,1
9977,1
9978,0
9979,0
9980,2
9981,0
9982,2
9983,1
9984,2
9985,0
9986,0
9987,0
9988,0
9989,2
9990,2
9991,1
9992,1
9993,2
9994,0
9995,1
9996,1
9997,1
9998,0
9999,2
10000,1
10001,0
10002,2
10003,1
10004,0
10005,0
10006,2
10007,1
10008,1
10009,2
10010,0
10011,0
10012,1
10013,1
10014,2
10015,0
10016,0
10017,0
10018,1
10019,2
10020,1
10021,1
10022,1
10023,1
10024,1
10025,0
10026,2
10027,0
10028,1
10029,2
10030,2
10031,2
10032,1
10033,0
10034,2
10035,1
10036,0
10037,0
10038,1
10039,2
10040,1
10041,2
10042,2
10043,2
10044,1
10045,1
10046,2
10047,0
10048,2
10049,0
10050,1
10051,0
10052,1
10053,1
10054,0
10055,0
10056,1
10057,2
10058,2
10059,2
10060,2
10061,2
10062,2
10063,1
10064,2
10065,2
10066,0
10067,2
10068,2
10069,1
10070,1
10071,0
10072,1
10073,2
10074,2
10075,0
10076,1
10077,1
10078,2
10079,2
10080,0
10081,0
10082,0
10083,1
10084,0
10085,2
10086,0
10087,0
10088,2
10089,1
10090,2
10091,2
10092,2
10093,2
10094,0
10095,2
10096,0
10097,0
10098,2
10099,1
10100,0
10101,2
10102,2
10103,0
10104,1
10105,2
10106,2
10107,0
10108,0
10109,1
10110,2
10111,1
10112,2
10113,0
10114,0
10115,1
10116,0
10117,0
10118,2
10119,1
10120,1
10121,1
10122,0
10123,1
10124,1
10125,0
10126,1
10127,1
10128,0
10129,0
10130,1
10131,0
10132,2
10133,2
10134,1
10135,0
10136,0
10137,1
10138,2
10139,0
10140,2
10141,2
10142,0
10143,2
10144,2
10145,0
10146,2
10147,0
10148,2
10149,0
10150,1
10151,1
10152,0
10153,1
10154,1
10155,2
10156,1
10157,1
10158,2
10159,1
10160,0
10161,1
10162,2
10163,0
10164,0
10165,1
10166,0
10167,1
10168,2
10169,2
10170,0
10171,1
10172,1
10173,1
10174,2
10175,1
10176,1
10177,2
10178,0
10179,1
10180,1
10181,2
10182,2
10183,2
10184,1
10185,1
10186,2
10187,2
10188,1
10189,2
10190,0
10191,2
10192,0
10193,2
10194,2
10195,2
10196,1
10197,2
10198,2
10199,2
10200,1
10201,1
10202,2
10203,0
10204,2
10205,2
10206,2
10207,1
10208,0
10209,2
10210,1
10211,1
10212,2
10213,1
10214,0
10215,0
10216,0
10217,1
10218,1
10219,1
10220,1
10221,2
10222,2
10223,0
10224,1
10225,1
10226,1
10227,1
10228,0
10229,2
10230,1
10231,2
10232,0
10233,1
10234,1
10235,0
10236,1
10237,1
10238,2
10239,0
10240,0
10241,2
10242,1
10243,2
10244,1
10245,0
10246,2
10247,1
10248,1
10249,2
10250,1
10251,1
10252,0
10253,0
10254,1
10255,1
10256,2
10257,2
10258,0
10259,0
10260,2
10261,0
10262,2
10263,0
10264,0
10265,0
10266,0
10267,2
10268,2
10269,0
10270,0
10271,2
10272,0
10273,0
10274,1
10275,2
10276,1
10277,2
10278,0
10279,2
10280,2
10281,1
10282,2
10283,2
10284,0
10285,2
10286,0
10287,0
10288,1
10289,2
10290,1
10291,2
10292,1
10293,2
10294,0
10295,1
10296,1
10297,2
10298,2
10299,1
10300,0
10301,0
10302,0
10303,2
10304,1
10305,1
10306,2
10307,0
10308,2
10309,2
10310,2
10311,1
10312,2
10313,1
10314,0
10315,1
10316,2
10317,0
10318,1
10319,0
10320,0
10321,1
10322,2
10323,0
10324,2
10325,1
10326,2
10327,0
10328,0
10329,2
10330,2
10331,0
10332,0
10333,0
10334,0
10335,0
10336,2
10337,1
10338,1
10339,0
10340,2
10341,1
10342,1
10343,0
10344,2
10345,1
10346,2
10347,1
10348,1
10349,1
10350,0
10351,1
10352,0
10353,0
10354,0
10355,2
10356,0
10357,2
10358,1
10359,0
10360,0
10361,2
10362,1
10363,1
10364,2
10365,0
10366,1
10367,0
10368,0
10369,2
10370,0
10371,1
10372,0
10373,0
10374,2
10375,2
10376,0
10377,1
10378,0
10379,1
10380,2
10381,1
10382,0
10383,2
10384,2
10385,0
10386,2
10387,0
10388,2
10389,0
10390,1
10391,1
10392,1
10393,0
10394,2
10395,2
10396,1
10397,1
10398,0
10399,2
10400,2
10401,1
10402,2
10403,1
10404,1
10405,0
10406,1
10407,0
10408,0
10409,0
10410,0
10411,2
10412,0
10413,1
10414,2
10415,1
10416,2
10417,2
10418,0
10419,1
10420,1
10421,0
10422,1
10423,2
10424,2
10425,1
10426,1
10427,0
10428,1
10429,0
10430,2
10431,1
10432,1
10433,1
10434,2
10435,0
10436,2
10437,2
10438,2
10439,2
10440,0
10441,0
10442,0
10443,1
10444,0
10445,2
10446,2
10447,0
10448,0
10449,2
10450,1
10451,0
10452,0
10453,0
10454,0
10455,1
10456,0
10457,0
10458,2
10459,1
10460,2
10461,2
10462,0
10463,1
10464,0
10465,2
10466,1
10467,1
10468,2
10469,1
10470,1
10471,2
10472,2
10473,2
10474,2
10475,2
10476,2
10477,0
10478,2
10479,0
10480,2
10481,2
10482,1
10483,1
10484,2
10485,1
10486,2
10487,2
10488,2
10489,0
10490,2
10491,2
10492,0
10493,0
10494,2
10495,1
10496,1
10497,0
10498,1
10499,1
10500,2
10501,1
10502,2
10503,0
10504,0
10505,1
10506,2
10507,2
10508,0
10509,1
10510,0
10511,2
10512,0
10513,0
10514,1
10515,2
10516,1
10517,1
10518,2
10519,2
10520,2
10521,1
10522,0
10523,0
10524,1
10525,1
10526,0
10527,1
10528,1
10529,2
10530,2
10531,2
10532,2
10533,0
10534,2
10535,1
10536,2
10537,1
10538,2
10539,0
10540,2
10541,1
10542,1
10543,2
10544,2
10545,0
10546,2
10547,1
10548,1
10549,0
10550,2
10551,0
10552,1
10553,0
10554,1
10555,2
10556,1
10557,2
10558,0
10559,0
10560,2
10561,1
10562,1
10563,0
10564,2
10565,1
10566,0
10567,2
10568,1
10569,2
10570,2
10571,0
10572,1
10573,0
10574,1
10575,2
10576,0
10577,1
10578,2
10579,2
10580,0
10581,2
10582,1
10583,2
10584,0
10585,1
10586,1
10587,0
10588,0
10589,1
10590,2
10591,2
10592,1
10593,2
10594,0
10595,0
10596,2
10597,2
10598,2
10599,0
10600,2
10601,2
10602,1
10603,2
10604,1
10605,1
10606,2
10607,0
10608,1
10609,1
10610,0
10611,0
10612,1
10613,1
10614,1
10615,1
10616,2
10617,1
10618,1
10619,1
10620,0
10621,2
10622,2
10623,2
10624,2
10625,0
10626,1
10627,0
10628,0
10629,1
10630,0
10631,2
10632,0
10633,2
10634,0
10635,2
10636,2
10637,2
10638,0
10639,2
10640,1
10641,0
10642,1
10643,1
10644,1
10645,2
10646,1
10647,0
10648,2
10649,2
10650,0
10651,2
10652,1
10653,1
10654,2
10655,0
10656,1
10657,2
10658,0
10659,2
10660,2
10661,2
10662,1
10663,2
10664,2
10665,2
10666,1
10667,2
10668,0
10669,1
10670,2
10671,0
10672,2
10673,1
10674,0
10675,2
10676,0
10677,0
10678,1
10679,1
10680,0
10681,2
10682,1
10683,1
10684,1
10685,0
10686,2
10687,2
10688,0
10689,2
10690,2
10691,0
10692,0
10693,1
10694,1
10695,2
10696,0
10697,2
10698,0
10699,1
10700,0
10701,1
10702,1
10703,0
10704,1
10705,2
10706,1
10707,1
10708,0
10709,1
10710,0
10711,1
10712,0
10713,2
10714,1
10715,0
10716,2
10717,2
10718,2
10719,1
10720,0
10721,2
10722,1
10723,1
10724,2
10725,0
10726,0
10727,2
10728,1
10729,2
10730,1
10731,2
10732,1
10733,2
10734,0
10735,1
10736,1
10737,2
10738,2
10739,1
10740,1
10741,2
10742,1
10743,2
10744,2
10745,0
10746,2
10747,0
10748,0
10749,2
10750,0
10751,1
10752,0
10753,0
10754,2
10755,1
10756,2
10757,2
10758,0
10759,1
10760,2
10761,2
10762,0
10763,1
10764,0
10765,0
10766,2
10767,0
10768,1
10769,2
10770,0
10771,0
10772,1
10773,2
10774,2
10775,0
10776,2
10777,0
10778,2
10779,0
10780,0
10781,2
10782,2
10783,0
10784,2
10785,1
10786,1
10787,0
10788,1
10789,1
10790,0
10791,2
10792,2
10793,1
10794,0
10795,1
10796,1
10797,2
10798,0
10799,2
10800,0
10801,2
10802,0
10803,0
10804,1
10805,1
10806,1
10807,2
10808,2
10809,1
10810,0
10811,2
10812,1
10813,0
10814,2
10815,1
10816,0
10817,1
10818,2
10819,1
10820,2
10821,2
10822,2
10823,0
10824,0
10825,2
10826,2
10827,1
10828,1
10829,2
10830,2
10831,1
10832,0
10833,1
10834,1
10835,2
10836,1
10837,0
10838,0
10839,2
10840,0
10841,2
10842,0
10843,1
10844,1
10845,1
10846,0
10847,2
10848,1
10849,0
10850,2
10851,1
10852,0
10853,1
10854,2
10855,1
10856,2
10857,1
10858,2
10859,1
10860,2
10861,1
10862,2
10863,2
10864,1
10865,1
10866,0
10867,0
10868,2
10869,1
10870,1
10871,2
10872,1
10873,2
10874,2
10875,0
10876,0
10877,0
10878,0
10879,2
10880,2
10881,1
10882,2
10883,1
10884,1
10885,2
10886,0
10887,1
10888,2
10889,2
10890,0
10891,0
10892,2
10893,2
10894,2
10895,0
10896,1
10897,1
10898,0
10899,0
10900,0
10901,1
10902,2
10903,1
10904,0
10905,2
10906,2
10907,2
10908,0
10909,0
10910,1
10911,0
10912,0
10913,2
10914,0
10915,0
10916,1
10917,2
10918,2
10919,2
10920,2
10921,1
10922,0
10923,2
10924,0
10925,1
10926,2
10927,0
10928,0
10929,1
10930,0
10931,2
10932,1
10933,1
10934,2
10935,2
10936,0
10937,0
10938,0
10939,1
10940,2
10941,1
10942,0
10943,2
10944,0
10945,2
10946,0
10947,2
10948,2
10949,0
10950,2
10951,1
10952,0
10953,0
10954,0
10955,2
10956,1
10957,1
10958,1
10959,0
10960,1
10961,2
10962,2
10963,2
10964,1
10965,1
10966,0
10967,2
10968,0
10969,2
10970,0
10971,0
10972,1
10973,0
10974,0
10975,1
10976,0
10977,1
10978,0
10979,0
10980,0
10981,1
10982,2
10983,0
10984,0
10985,1
10986,1
10987,2
10988,0
10989,2
10990,1
10991,2
10992,0
10993,2
10994,2
10995,0
10996,1
10997,0
10998,1
10999,0
11000,0
11001,2
11002,2
11003,1
11004,0
11005,0
11006,0
11007,2
11008,1
11009,2
11010,2
11011,0
11012,1
11013,1
11014,0
11015,2
11016,0
11017,0
11018,1
11019,0
11020,2
11021,0
11022,2
11023,0
11024,1
11025,0
11026,1
11027,2
11028,1
11029,0
11030,0
11031,2
11032,1
11033,2
11034,1
11035,0
11036,0
11037,2
11038,2
11039,2
11040,1
11041,1
11042,1
11043,1
11044,2
11045,1
11046,2
11047,1
11048,0
11049,1
11050,0
11051,0
11052,0
11053,2
11054,1
11055,0
11056,2
11057,0
11058,0
11059,2
11060,2
11061,2
11062,0
11063,0
11064,2
11065,2
11066,2
11067,2
11068,1
11069,2
11070,0
11071,1
11072,1
11073,0
11074,0
11075,1
11076,2
11077,2
11078,1
11079,0
11080,1
11081,2
11082,1
11083,0
11084,1
11085,0
11086,1
11087,0
11088,2
11089,0
11090,0
11091,0
11092,2
11093,0
11094,1
11095,2
11096,0
11097,2
11098,0
11099,0
11100,2
11101,1
11102,2
11103,2
11104,1
11105,0
11106,2
11107,2
11108,2
11109,1
11110,2
11111,1
11112,2
11113,0
11114,2
11115,0
11116,0
11117,2
11118,2
11119,2
11120,1
11121,1
11122,1
11123,1
11124,1
11125,1
11126,0
11127,2
11128,1
11129,0
11130,0
11131,0
11132,2
11133,2
11134,0
11135,2
11136,0
11137,0
11138,2
11139,0
11140,2
11141,2
11142,2
11143,2
11144,0
11145,1
11146,2
11147,2
11148,0
11149,0
11150,2
11151,2
11152,0
11153,0
11154,1
11155,2
11156,2
11157,0
11158,1
11159,0
11160,1
11161,2
11162,2
11163,2
11164,1
11165,0
11166,0
11167,0
11168,0
11169,0
11170,1
11171,0
11172,1
11173,0
11174,2
11175,0
11176,1
11177,1
11178,2
11179,0
11180,2
11181,0
11182,1
11183,0
11184,0
11185,2
11186,1
11187,2
11188,0
11189,0
11190,0
11191,0
11192,2
11193,0
11194,1
11195,1
11196,0
11197,2
11198,2
11199,0
11200,2
11201,1
11202,0
11203,0
11204,1
11205,0
11206,1
11207,2
11208,0
11209,1
11210,2
11211,1
11212,2
11213,0
11214,2
11215,1
11216,2
11217,2
11218,2
11219,2
11220,2
11221,2
11222,2
11223,2
11224,0
11225,0
11226,1
11227,0
11228,0
11229,0
11230,2
11231,2
11232,2
11233,1
11234,2
11235,2
11236,2
11237,0
11238,1
11239,0
11240,0
11241,1
11242,0
11243,0
11244,1
11245,0
11246,1
11247,0
11248,0
11249,2
11250,1
11251,2
11252,1
11253,2
11254,0
11255,2
11256,2
11257,0
11258,2
11259,2
11260,2
11261,0
11262,2
11263,0
11264,1
11265,2
11266,0
11267,1
11268,1
11269,1
11270,0
11271,0
11272,0
11273,0
11274,0
11275,0
11276,1
11277,1
11278,0
11279,0
11280,2
11281,2
11282,1
11283,1
11284,1
11285,1
11286,0
11287,0
11288,2
11289,0
11290,0
11291,1
11292,1
11293,2
11294,1
11295,2
11296,1
11297,1
11298,1
11299,1
11300,0
11301,1
11302,0
11303,2
11304,0
11305,1
11306,2
11307,0
11308,0
11309,2
11310,0
11311,2
11312,1
11313,2
11314,1
11315,0
11316,0
11317,2
11318,2
11319,0
11320,1
11321,1
11322,2
11323,0
11324,0
11325,1
11326,0
11327,1
11328,1
11329,1
11330,2
11331,1
11332,1
11333,2
11334,2
11335,1
11336,0
11337,1
11338,1
11339,1
11340,0
11341,2
11342,0
11343,1
11344,1
11345,0
11346,0
11347,1
11348,2
11349,1
11350,1
11351,1
11352,1
11353,1
11354,0
11355,1
11356,0
11357,2
11358,1
11359,0
11360,0
11361,2
11362,1
11363,1
11364,0
11365,2
11366,2
11367,1
11368,2
11369,0
11370,0
11371,1
11372,0
11373,2
11374,2
11375,1
11376,1
11377,0
11378,1
11379,0
11380,1
11381,2
11382,0
11383,0
11384,0
11385,2
11386,2
11387,0
11388,0
11389,2
11390,2
11391,0
11392,0
11393,0
11394,0
11395,0
11396,2
11397,2
11398,1
11399,1
11400,2
11401,0
11402,1
11403,0
11404,0
11405,1
11406,0
11407,1
11408,2
11409,0
11410,2
11411,0
11412,0
11413,0
11414,0
11415,2
11416,1
11417,0
11418,0
11419,1
11420,0
11421,1
11422,1
11423,1
11424,1
11425,0
11426,2
11427,2
11428,2
11429,2
11430,0
11431,2
11432,1
11433,0
11434,1
11435,1
11436,0
11437,1
11438,2
11439,1
11440,0
11441,2
11442,1
11443,1
11444,1
11445,0
11446,2
11447,2
11448,0
11449,2
11450,2
11451,2
11452,1
11453,0
11454,0
11455,1
11456,1
11457,1
11458,1
11459,1
11460,1
11461,0
11462,0
11463,0
11464,1
11465,0
11466,1
11467,2
11468,1
11469,0
11470,0
11471,0
11472,2
11473,1
11474,2
11475,2
11476,1
11477,2
11478,2
11479,0
11480,0
11481,0
11482,2
11483,1
11484,2
11485,2
11486,0
11487,0
11488,1
11489,1
11490,2
11491,2
11492,2
11493,1
11494,1
11495,0
11496,2
11497,2
11498,0
11499,0
11500,1
11501,0
11502,2
11503,0
11504,1
11505,1
11506,0
11507,0
11508,2
11509,1
11510,2
11511,2
11512,1
11513,2
11514,1
11515,2
11516,2
11517,2
11518,2
11519,0
11520,2
11521,2
11522,1
11523,0
11524,0
11525,0
11526,2
11527,0
11528,1
11529,2
11530,2
11531,2
11532,0
11533,1
11534,0
11535,2
11536,2
11537,0
11538,1
11539,1
11540,0
11541,2
11542,1
11543,0
11544,2
11545,2
11546,0
11547,1
11548,1
11549,0
11550,0
11551,2
11552,0
11553,1
11554,1
11555,2
11556,1
11557,1
11558,1
11559,0
11560,0
11561,1
11562,1
11563,1
11564,2
11565,0
11566,0
11567,2
11568,2
11569,2
11570,0
11571,1
11572,0
11573,0
11574,0
11575,2
11576,1
11577,1
11578,1
11579,2
11580,0
11581,2
11582,2
11583,1
11584,1
11585,1
11586,2
11587,1
11588,2
11589,2
11590,1
11591,2
11592,1
11593,1
11594,0
11595,0
11596,1
11597,2
11598,2
11599,2
11600,2
11601,2
11602,2
11603,0
11604,0
11605,2
11606,2
11607,1
11608,2
11609,0
11610,2
11611,1
11612,2
11613,0
11614,2
11615,1
11616,0
11617,0
11618,1
11619,0
11620,0
11621,0
11622,1
11623,1
11624,1
11625,2
11626,2
11627,1
11628,0
11629,1
11630,1
11631,1
11632,0
11633,2
11634,1
11635,0
11636,1
11637,1
11638,0
11639,0
11640,1
11641,0
11642,2
11643,1
11644,1
11645,2
11646,0
11647,0
11648,2
11649,2
11650,1
11651,0
11652,0
11653,0
11654,1
11655,2
11656,0
11657,0
11658,2
11659,1
11660,2
11661,2
11662,0
11663,0
11664,1
11665,0
11666,2
11667,0
11668,2
11669,1
11670,1
11671,0
11672,1
11673,2
11674,2
11675,1
11676,2
11677,1
11678,0
11679,1
11680,1
11681,2
11682,0
11683,0
11684,1
11685,1
11686,1
11687,1
11688,1
11689,0
11690,0
11691,1
11692,1
11693,1
11694,1
11695,1
11696,1
11697,0
11698,1
11699,0
11700,2
11701,1
11702,0
11703,1
11704,1
11705,1
11706,2
11707,2
11708,2
11709,1
11710,0
11711,0
11712,0
11713,2
11714,1
11715,1
11716,2
11717,0
11718,0
11719,1
11720,1
11721,0
11722,1
11723,1
11724,1
11725,0
11726,0
11727,2
11728,2
11729,1
11730,2
11731,2
11732,1
11733,2
11734,1
11735,0
11736,2
11737,1
11738,0
11739,0
11740,0
11741,0
11742,0
11743,2
11744,2
11745,0
11746,0
11747,0
11748,1
11749,0
11750,0
11751,2
11752,1
11753,1
11754,2
11755,2
11756,0
11757,1
11758,0
11759,0
11760,1
11761,2
11762,0
11763,2
11764,1
11765,2
11766,0
11767,1
11768,1
11769,0
11770,0
11771,1
11772,0
11773,0
11774,1
11775,2
11776,1
11777,2
11778,1
11779,2
11780,0
11781,0
11782,1
11783,0
11784,2
11785,1
11786,2
11787,2
11788,2
11789,1
11790,1
11791,1
11792,2
11793,2
11794,0
11795,0
11796,1
11797,0
11798,2
11799,0
11800,1
11801,0
11802,1
11803,1
11804,2
11805,0
11806,0
11807,1
11808,2
11809,2
11810,0
11811,1
11812,1
11813,2
11814,1
11815,0
11816,1
11817,2
11818,0
11819,0
11820,2
11821,1
11822,0
11823,2
11824,1
11825,0
11826,1
11827,2
11828,0
11829,0
11830,0
11831,2
11832,2
11833,0
11834,2
11835,0
11836,0
11837,1
11838,1
11839,2
11840,2
11841,0
11842,1
11843,1
11844,1
11845,0
11846,1
11847,2
11848,2
11849,2
11850,1
11851,2
11852,2
11853,2
11854,0
11855,0
11856,2
11857,0
11858,1
11859,2
11860,1
11861,2
11862,2
11863,1
11864,2
11865,0
11866,2
11867,2
11868,2
11869,1
11870,1
11871,0
11872,2
11873,2
11874,0
11875,1
11876,1
11877,2
11878,1
11879,0
11880,2
11881,0
11882,0
11883,2
11884,0
11885,2
11886,1
11887,0
11888,0
11889,0
11890,0
11891,0
11892,0
11893,2
11894,0
11895,0
11896,1
11897,2
11898,2
11899,1
11900,2
11901,0
11902,1
11903,0
11904,2
11905,2
11906,1
11907,0
11908,1
11909,1
11910,2
11911,0
11912,0
11913,0
11914,0
11915,1
11916,2
11917,0
11918,2
11919,2
11920,0
11921,0
11922,1
11923,0
11924,0
11925,0
11926,2
11927,0
11928,0
11929,0
11930,1
11931,2
11932,2
11933,2
11934,1
11935,2
11936,1
11937,2
11938,2
11939,2
11940,1
11941,0
11942,0
11943,0
11944,2
11945,1
11946,2
11947,0
11948,0
11949,0
11950,0
11951,0
11952,2
11953,2
11954,2
11955,1
11956,2
11957,0
11958,2
11959,1
11960,0
11961,1
11962,1
11963,2
11964,0
11965,2
11966,2
11967,2
11968,1
11969,1
11970,0
11971,1
11972,0
11973,2
11974,0
11975,1
11976,2
11977,2
11978,0
11979,1
11980,0
11981,2
11982,1
11983,1
11984,0
11985,2
11986,1
11987,0
11988,0
11989,1
11990,2
11991,2
11992,0
11993,0
11994,1
11995,1
11996,1
11997,0
11998,2
11999,1
